CODE,NAME,MODE,OCCUPANCYRATE,PRFACAP,PRFACAH
Auto_C_COR,Auto Cuota Cordón,Auto_C,1.000,1.000,365.000
Auto_C_E,Auto Cuota Estudio,Auto_C,1.000,1.000,365.000
Auto_C_O,Auto Cuota Otro,Auto_C,1.000,1.000,365.000
Auto_C_T,Auto Cuota Trabajo,Auto_C,1.000,1.000,365.000
Ca1_C,Ca1 Camion articulado 1,Ca1_C,1.000,1.000,365.000
Ca2_C,Ca2 Camion articulado 2,Ca2_C,1.000,1.000,365.000
Ca_BD,Camion articulado Big Data,Ca_BD,1.000,1.000,365.000
Cu_BD,Camion unitario Big Data,Cu_BD,1.000,1.000,365.000
Cu_C,Cu Camion unitario,Cu_C,1.000,1.000,365.000
P1,P1_TRABAJO,Pub,1.000,1.000,365.000
P2,P_ESTUDIO,Pub,1.000,1.000,365.000
P3,P3_OTRO,Pub,1.000,1.000,365.000
