LINENAME,NAME,DIRECTIONCODE,ISCIRCLELINE,ADDVAL1,ADDVAL2,ADDVAL3,NOMBRE_CAMPO
R_1,R_1-I,>,0,0,0,0,RUTA 602 KIA - PESQUERIA
R_1,R_1-R,<,0,0,0,0,RUTA 602 KIA - PESQUERIA
R_10,R_10-I,>,0,0,0,0,RUTA 327 NORIA
R_10,R_10-R,<,0,0,0,0,RUTA 327 NORIA
R_100,R_100-I,>,0,0,0,0,RUTA 113 TUNEL DIRECTO
R_100,R_100-R,<,0,0,0,0,RUTA 113 TUNEL DIRECTO
R_101,R_101-I,>,0,0,0,0,RUTA 117 ABASTOS
R_101,R_101-R,<,0,0,0,0,RUTA 117 ABASTOS
R_102,R_102-I,>,0,0,0,0,RUTA 117 INDEPENDENCIA POR CARMEN ROMANO
R_102,R_102-R,<,0,0,0,0,RUTA 117 INDEPENDENCIA POR CARMEN ROMANO
R_103,R_103-I,>,0,0,0,0,RUTA 117 QUINTA COLONIAL
R_103,R_103-R,<,0,0,0,0,RUTA 117 QUINTA COLONIAL
R_104,R_104-I,>,0,0,0,0,RUTA 117 VICENTE GUERRERO - FOME 11
R_104,R_104-R,<,0,0,0,0,RUTA 117 VICENTE GUERRERO - FOME 11
R_105,R_105-I,>,0,0,0,0,RUTA 124 UNIDAD LABORAL
R_105,R_105-R,<,0,0,0,0,RUTA 124 UNIDAD LABORAL
R_106-C,R_106-C,<,1,0,0,0,RUTA 124 PINOS
R_107,R_107-I,>,0,0,0,0,RUTA 126 AURORA
R_107,R_107-R,<,0,0,0,0,RUTA 126 AURORA
R_108,R_108-I,>,0,0,0,0,RUTA 126 FAMA - CASTILLO
R_108,R_108-R,<,0,0,0,0,RUTA 126 FAMA - CASTILLO
R_109,R_109-I,>,0,0,0,0,RUTA 130 (1) JUAREZ
R_109,R_109-R,<,0,0,0,0,RUTA 130 (1) JUAREZ
R_11,R_11-I,>,0,0,0,0,RUTA 228 FRANCISCO VILLA - EL SABINAL
R_11,R_11-R,<,0,0,0,0,RUTA 228 FRANCISCO VILLA - EL SABINAL
R_110,R_110-I,>,0,0,0,0,RUTA 130 (2) ALAMEDA
R_110,R_110-R,<,0,0,0,0,RUTA 130 (2) ALAMEDA
R_111,R_111-I,>,0,0,0,0,RUTA 130 (3) HOSPITAL
R_111,R_111-R,<,0,0,0,0,RUTA 130 (3) HOSPITAL
R_112,R_112-I,>,0,0,0,0,RUTA 213 COSMOPOLIS
R_112,R_112-R,<,0,0,0,0,RUTA 213 COSMOPOLIS
R_113,R_113-I,>,0,0,0,0,RUTA 213 QUINTA COLONIAL
R_113,R_113-R,<,0,0,0,0,RUTA 213 QUINTA COLONIAL
R_114,R_114-I,>,0,0,0,0,RUTA 217 GUADALUPE - ESCOBEDO
R_114,R_114-R,<,0,0,0,0,RUTA 217 GUADALUPE - ESCOBEDO
R_115,R_115-I,>,0,0,0,0,RUTA 218 PABLO LIVAS - LA JOYA
R_115,R_115-R,<,0,0,0,0,RUTA 218 PABLO LIVAS - LA JOYA
R_116,R_116-I,>,0,0,0,0,RUTA 218 ROSITA - AZTECA
R_116,R_116-R,<,0,0,0,0,RUTA 218 ROSITA - AZTECA
R_117,R_117-I,>,0,0,0,0,RUTA 220 PEDREGAL
R_117,R_117-R,<,0,0,0,0,RUTA 220 PEDREGAL
R_118,R_118-I,>,0,0,0,0,RUTA 220 PROVILEON
R_118,R_118-R,<,0,0,0,0,RUTA 220 PROVILEON
R_119,R_119-I,>,0,0,0,0,RUTA 221 APODACA - CLINICA 6 - CENTRO
R_119,R_119-R,<,0,0,0,0,RUTA 221 APODACA - CLINICA 6 - CENTRO
R_12,R_12-I,>,0,0,0,0,RUTA 225 MISION SAN PABLO
R_12,R_12-R,<,0,0,0,0,RUTA 225 MISION SAN PABLO
R_120,R_120-I,>,0,0,0,0,RUTA 221 APODACA - CLINICA 6 POR CONCORDIA
R_120,R_120-R,<,0,0,0,0,RUTA 221 APODACA - CLINICA 6 POR CONCORDIA
R_121-C,R_121-C,<,1,0,0,0,RUTA 224 (COMETAS) COYOTE
R_122,R_122-I,>,0,0,0,0,RUTA 224 ARBOLEDAS
R_122,R_122-R,<,0,0,0,0,RUTA 224 ARBOLEDAS
R_123,R_123-I,>,0,0,0,0,RUTA 224 MONTECRISTAL
R_123,R_123-R,<,0,0,0,0,RUTA 224 MONTECRISTAL
R_124,R_124-I,>,0,0,0,0,RUTA 226 BOSQUES - CENTRO
R_124,R_124-R,<,0,0,0,0,RUTA 226 BOSQUES - CENTRO
R_125,R_125-I,>,0,0,0,0,RUTA 227 16 DE SEPTIEMBRE POR CLOUTHIER
R_125,R_125-R,<,0,0,0,0,RUTA 227 16 DE SEPTIEMBRE POR CLOUTHIER
R_126-C,R_126-C,<,1,0,0,0,RUTA 227 16 DE SEPTIEMBRE POR EMILIANO ZAPATA
R_127,R_127-I,>,0,0,0,0,RUTA 227 CONSTITUCION POR CLOUTHIER
R_127,R_127-R,<,0,0,0,0,RUTA 227 CONSTITUCION POR CLOUTHIER
R_128,R_128-I,>,0,0,0,0,RUTA 227 CONSTITUCION POR EMILIANO ZAPATA
R_128,R_128-R,<,0,0,0,0,RUTA 227 CONSTITUCION POR EMILIANO ZAPATA
R_129-C,R_129-C,<,0,0,0,0,RUTA 228 CIRCUITO FINSA
R_13-C,R_13-C,<,1,0,0,0,RUTA 223 ENLACE ZIRANDARO
R_130,R_130-I,>,0,0,0,0,RUTA 229 EBANOS
R_130,R_130-R,<,0,0,0,0,RUTA 229 EBANOS
R_131,R_131-I,>,0,0,0,0,RUTA 229 ROBLES
R_131,R_131-R,<,0,0,0,0,RUTA 229 ROBLES
R_132,R_132-I,>,0,0,0,0,RUTA 232 LA UNIDAD
R_132,R_132-R,<,0,0,0,0,RUTA 232 LA UNIDAD
R_133,R_133-I,>,0,0,0,0,RUTA 232 SAN MARCOS
R_133,R_133-R,<,0,0,0,0,RUTA 232 SAN MARCOS
R_134,R_134-I,>,0,0,0,0,RUTA 306 (1) CANANEA
R_134,R_134-R,<,0,0,0,0,RUTA 306 (1) CANANEA
R_135,R_135-I,>,0,0,0,0,RUTA 306 (4) ERMITA
R_135,R_135-R,<,0,0,0,0,RUTA 306 (4) ERMITA
R_136,R_136-I,>,0,0,0,0,RUTA 306 (2) LOMAS
R_136,R_136-R,<,0,0,0,0,RUTA 306 (2) LOMAS
R_137,R_137-I,>,0,0,0,0,RUTA 318 AMARANTOS
R_137,R_137-R,<,0,0,0,0,RUTA 318 AMARANTOS
R_138,R_138-I,>,0,0,0,0,RUTA 318 FERNANDO AMILPA
R_138,R_138-R,<,0,0,0,0,RUTA 318 FERNANDO AMILPA
R_139-C,R_139-C,<,1,0,0,0,RUTA 318 MOISES SAENZ
R_14,R_14-I,>,0,0,0,0,RUTA 214 SECTOR 3 MIRADOR DE SAN ANTONIO
R_14,R_14-R,<,0,0,0,0,RUTA 214 SECTOR 3 MIRADOR DE SAN ANTONIO
R_140,R_140-I,>,0,0,0,0,RUTA 318 NEXXUS - PILARES POR CARR. A LAREDO
R_140,R_140-R,<,0,0,0,0,RUTA 318 NEXXUS - PILARES POR CARR. A LAREDO
R_141,R_141-I,>,0,0,0,0,RUTA 318 VALLE DEL NORTE
R_141,R_141-R,<,0,0,0,0,RUTA 318 VALLE DEL NORTE
R_142,R_142-I,>,0,0,0,0,RUTA 320 FRESNOS
R_142,R_142-R,<,0,0,0,0,RUTA 320 FRESNOS
R_143-C,R_143-C,<,1,0,0,0,RUTA 320 MIRAFLORES
R_144,R_144-I,>,0,0,0,0,RUTA 322 SANTO DOMINGO - FOMERREY 30
R_144,R_144-R,<,0,0,0,0,RUTA 322 SANTO DOMINGO - FOMERREY 30
R_145,R_145-I,>,0,0,0,0,RUTA 323 NOGALAR - CLINICA 6
R_145,R_145-R,<,0,0,0,0,RUTA 323 NOGALAR - CLINICA 6
R_146,R_146-I,>,0,0,0,0,RUTA 222 PUEBLO NUEVO - NORIA
R_146,R_146-R,<,0,0,0,0,RUTA 222 PUEBLO NUEVO - NORIA
R_147,R_147-I,>,0,0,0,0,RUTA 222 PUEBLO NUEVO - PEDREGAL
R_147,R_147-R,<,0,0,0,0,RUTA 222 PUEBLO NUEVO - PEDREGAL
R_148-C,R_148-C,<,1,0,0,0,RUTA 334 FOME 30
R_149,R_149-I,>,0,0,0,0,RUTA 334 DIRECTO KIR
R_149,R_149-R,<,0,0,0,0,RUTA 334 DIRECTO KIR
R_15,R_15-I,>,0,0,0,0,RUTA 214 SECTOR 2 VISTAS DEL RIO
R_15,R_15-R,<,0,0,0,0,RUTA 214 SECTOR 2 VISTAS DEL RIO
R_150,R_150-I,>,0,0,0,0,RUTA 326 CHURUBUSCO - Y GRIEGA
R_150,R_150-R,<,0,0,0,0,RUTA 326 CHURUBUSCO - Y GRIEGA
R_151,R_151-I,>,0,0,0,0,RUTA 325 MATAMOROS
R_151,R_151-R,<,0,0,0,0,RUTA 325 MATAMOROS
R_152,R_152-I,>,0,0,0,0,RUTA 316 BALCONES (LIBRAMIENTO PARAJE SAN JOSE)
R_152,R_152-R,<,0,0,0,0,RUTA 316 BALCONES (LIBRAMIENTO PARAJE SAN JOSE)
R_153,R_153-I,>,0,0,0,0,RUTA 209 RENACIMIENTO - OLIVOS
R_153,R_153-R,<,0,0,0,0,RUTA 209 RENACIMIENTO - OLIVOS
R_154-C,R_154-C,<,1,0,0,0,RUTA 209 CIRCUITO SANTA LUZ
R_155-C,R_155-C,<,1,0,0,0,RUTA 209 CIRCUITO - ENCINAS
R_156,R_156-I,>,0,0,0,0,RUTA 209 BOSQUES
R_156,R_156-R,<,0,0,0,0,RUTA 209 BOSQUES
R_157,R_157-I,>,0,0,0,0,RUTA 134 FRESNOS
R_157,R_157-R,<,0,0,0,0,RUTA 134 FRESNOS
R_159-C,R_159-C,<,1,0,0,0,RUTA 128 ERMITA
R_16,R_16-I,>,0,0,0,0,RUTA 400 ANIVERSARIO (1) PINO SUAREZ
R_16,R_16-R,<,0,0,0,0,RUTA 400 ANIVERSARIO (1) PINO SUAREZ
R_160,R_160-I,>,0,0,0,0,RUTA 128 CANANEA 1 - (INDECO)
R_160,R_160-R,<,0,0,0,0,RUTA 128 CANANEA 1 - (INDECO)
R_161,R_161-I,>,0,0,0,0,RUTA 155 SECTOR 1 PUERTA MITRAS - FLETEROS
R_161,R_161-R,<,0,0,0,0,RUTA 155 SECTOR 1 PUERTA MITRAS - FLETEROS
R_162,R_162-I,>,0,0,0,0,RUTA 155 SECTOR 2 MIRADOR POR PINO SUAREZ
R_162,R_162-R,<,0,0,0,0,RUTA 155 SECTOR 2 MIRADOR POR PINO SUAREZ
R_163,R_163-I,>,0,0,0,0,RUTA 116 CALZADA UNION
R_163,R_163-R,<,0,0,0,0,RUTA 116 CALZADA UNION
R_164,R_164-I,>,0,0,0,0,RUTA 116 PEINADORES
R_164,R_164-R,<,0,0,0,0,RUTA 116 PEINADORES
R_165,R_165-I,>,0,0,0,0,RUTA 114 BUROCRATAS
R_165,R_165-R,<,0,0,0,0,RUTA 114 BUROCRATAS
R_166,R_166-I,>,0,0,0,0,RUTA 109 TREBOLES
R_166,R_166-R,<,0,0,0,0,RUTA 109 TREBOLES
R_167,R_167-I,>,0,0,0,0,R93 MERCADO JUAREZ -PASTORA-CLINICA68-CHAPULTEPEC (ANTES RUTA 093 RANCHO VIEJO - TEQUILA)
R_167,R_167-R,<,0,0,0,0,R93 MERCADO JUAREZ -PASTORA-CLINICA68-CHAPULTEPEC (ANTES RUTA 093 RANCHO VIEJO - TEQUILA)
R_168,R_168-I,>,0,0,0,0,RUTA 085 VILLA OLIMPICA
R_168,R_168-R,<,0,0,0,0,RUTA 085 VILLA OLIMPICA
R_169,R_169-I,>,0,0,0,0,RUTA 085 RANCHO VIEJO - TEQUILA
R_169,R_169-R,<,0,0,0,0,RUTA 085 RANCHO VIEJO - TEQUILA
R_17-C,R_17-C,<,1,0,0,0,RUTA 601 URBIVILLA - CERAMICA
R_170,R_170-I,>,0,0,0,0,RUTA 314 PARAJE - CENTRO
R_170,R_170-R,<,0,0,0,0,RUTA 314 PARAJE - CENTRO
R_171,R_171-I,>,0,0,0,0,RUTA 190 SECTOR (1) CADEREYTA - JUAREZ - EXPRESS
R_171,R_171-R,<,0,0,0,0,RUTA 190 SECTOR (1) CADEREYTA - JUAREZ - EXPRESS
R_172,R_172-I,>,0,0,0,0,RUTA 150 VALLE DEL ROBLE - ESTACION EXPOSICION
R_172,R_172-R,<,0,0,0,0,RUTA 150 VALLE DEL ROBLE - ESTACION EXPOSICION
R_173-C,R_173-C,<,1,0,0,0,RUTA 140 SECTOR (3) VALLE DE SANTA MARIA
R_174-C,R_174-C,<,1,0,0,0,RUTA 140 SECTOR (2) ANZURES
R_175-C,R_175-C,<,1,0,0,0,RUTA 400 ANIVERSARIO (4) SECTOR HEROES - CERAMICA
R_176,R_176-I,>,0,0,0,0,RUTA 400 ANIVERSARIO (4) SECTOR SAN JOSE - CERAMICA
R_176,R_176-R,<,0,0,0,0,RUTA 400 ANIVERSARIO (4) SECTOR SAN JOSE - CERAMICA
R_177,R_177-I,>,0,0,0,0,RUTA 400 ANIVERSARIO (2) FLETEROS
R_177,R_177-R,<,0,0,0,0,RUTA 400 ANIVERSARIO (2) FLETEROS
R_178,R_178-I,>,0,0,0,0,RUTA 107 SECTOR (6) OBELISCO
R_178,R_178-R,<,0,0,0,0,RUTA 107 SECTOR (6) OBELISCO
R_179-C,R_179-C,<,1,0,0,0,RUTA 107 SECTOR (1) CENTRAL DE AUTOBUSES
R_18,R_18-I,>,0,0,0,0,RUTA 601 SANTA CATARINA - URBIVILLAS - FLETEROS - OBELISCO
R_18,R_18-R,<,0,0,0,0,RUTA 601 SANTA CATARINA - URBIVILLAS - FLETEROS - OBELISCO
R_181-C,R_181-C,<,1,0,0,0,RUTA 228 PRADERAS DE HUINALA
R_182-C,R_182-C,<,1,0,0,0,RUTA 228 CIRCUITO DULCES NOMBRES
R_183-C,R_183-C,<,1,0,0,0,RUTA 228 CIRCUITO SANTA MARIA -  DIA DEL EMPRESARIO (TORREY)
R_184-C,R_184-C,<,1,0,0,0,RUTA 228 CIRCUITO VALLE SOLEADO - SORIANA (CIRCUITO ANZURES)
R_185-C,R_185-C,<,1,0,0,0,RUTA 225 PEDREGAL
R_186-C,R_186-C,<,1,0,0,0,RUTA 225 ALIMENTADORA AL CAMPANARIO
R_187,R_187-I,>,0,0,0,0,RUTA 213 DIRECTA
R_187,R_187-R,<,0,0,0,0,RUTA 213 DIRECTA
R_188,R_188-I,>,0,0,0,0,RUTA 208 SECTOR 1 ESCOBEDO - SAN RAFAEL
R_188,R_188-R,<,0,0,0,0,RUTA 208 SECTOR 1 ESCOBEDO - SAN RAFAEL
R_189,R_189-I,>,0,0,0,0,RUTA 207 (2) ESCOBEDO - PEGREGAL
R_189,R_189-R,<,0,0,0,0,RUTA 207 (2) ESCOBEDO - PEGREGAL
R_19-C,R_19-C,<,1,0,0,0,RUTA 601 RENACIMIENTO - CERAMICA
R_190,R_190-I,>,0,0,0,0,RUTA 205 SECTOR 1 SAN BERNABE - LA FE
R_190,R_190-R,<,0,0,0,0,RUTA 205 SECTOR 1 SAN BERNABE - LA FE
R_191-C,R_191-C,<,1,0,0,0,RUTA 203 VALLE ALTO
R_192-C,R_192-C,<,1,0,0,0,RUTA 203 SIERRA ALTA
R_193,R_193-I,>,0,0,0,0,RUTA 207 (1) PENITENCIARIA
R_193,R_193-R,<,0,0,0,0,RUTA 207 (1) PENITENCIARIA
R_194-C,R_194-C,<,1,0,0,0,RUTA 228 DULCES NOMBRES - VILLAGRAN
R_195,R_195-I,>,0,0,0,0,RUTA 228 VALLE DE SANTA MARIA - CENTRO - DIRECTO
R_195,R_195-R,<,0,0,0,0,RUTA 228 VALLE DE SANTA MARIA - CENTRO - DIRECTO
R_196-C,R_196-C,<,1,0,0,0,RUTA 228 TRANSBORDO CAMPANARIO
R_197,R_197-I,>,0,0,0,0,RUTA 206 SAN BERNABE - PUNTA DE LA LOMA
R_197,R_197-R,<,0,0,0,0,RUTA 206 SAN BERNABE - PUNTA DE LA LOMA
R_198-C,R_198-C,<,1,0,0,0,RUTA 201 CIRCUITO ENLACE CARRETERA  A GARCIA
R_199,R_199-I,>,0,0,0,0,RUTA 201 ESTACION MITRAS POR PERIMETRAL SUR
R_199,R_199-R,<,0,0,0,0,RUTA 201 ESTACION MITRAS POR PERIMETRAL SUR
R_2,R_2-I,>,0,0,0,0,RUTA SANTIAGO - LAGUNA DE SANCHEZ
R_2,R_2-R,<,0,0,0,0,RUTA SANTIAGO - LAGUNA DE SANCHEZ
R_20-C,R_20-C,<,1,0,0,0,RUTA 601 FLETEROS - CENTRAL DE AUTOBUSES - CENTRO
R_200,R_200-I,>,0,0,0,0,RUTA 225 HUINALA
R_200,R_200-R,<,0,0,0,0,RUTA 225 HUINALA
R_201-C,R_201-C,<,1,0,0,0,RUTA 602 SALINAS - SEGURO
R_202-C,R_202-C,<,1,0,0,0,RUTA 602 CANDE - FOME
R_203-C,R_203-C,<,1,0,0,0,RUTA 602 SANTA FE
R_204-C,R_204-C,<,1,0,0,0,RUTA 602 LOPEZ - PEMEX
R_205,R_205-I,>,0,0,0,0,RUTA 088 MOISES SAENZ - COSMOPOLIS - SERVICIO ESPECIAL A LA UTE
R_205,R_205-R,<,0,0,0,0,RUTA 088 MOISES SAENZ - COSMOPOLIS - SERVICIO ESPECIAL A LA UTE
R_207,R_207-I,>,0,0,0,0,RUTA 002 SECTOR 1 NORMAL
R_207,R_207-R,<,0,0,0,0,RUTA 002 SECTOR 1 NORMAL
R_208,R_208-I,>,0,0,0,0,RUTA 203 SANTA CATARINA - LA ESTANZUELA
R_208,R_208-R,<,0,0,0,0,RUTA 203 SANTA CATARINA - LA ESTANZUELA
R_209,R_209-I,>,0,0,0,0,RUTA 160 GUADALUPE - APODACA
R_209,R_209-R,<,0,0,0,0,RUTA 160 GUADALUPE - APODACA
R_21,R_21-I,>,0,0,0,0,RUTA 601 EXPRESS
R_21,R_21-R,<,0,0,0,0,RUTA 601 EXPRESS
R_210-C,R_210-C,<,1,0,0,0,RUTA 013 ALIANZA REAL POR EJIDO SAN MIGUEL
R_211,R_211-I,>,0,0,0,0,RUTA 047 EL CARMEN - SAN NICOLAS POR COLOMBIA
R_211,R_211-R,<,0,0,0,0,RUTA 047 EL CARMEN - SAN NICOLAS POR COLOMBIA
R_213,R_213-I,>,0,0,0,0,RUTA 099 EVOLUCION
R_213,R_213-R,<,0,0,0,0,RUTA 099 EVOLUCION
R_214,R_214-I,>,0,0,0,0,RUTA 099 TAMAULIPAS
R_214,R_214-R,<,0,0,0,0,RUTA 099 TAMAULIPAS
R_215,R_215-I,>,0,0,0,0,RUTA 113 TUNEL (NORMAL)
R_215,R_215-R,<,0,0,0,0,RUTA 113 TUNEL (NORMAL)
R_216-C,R_216-C,<,1,0,0,0,RUTA 131 SECTOR (2) PRIVADA SAN CARLOS
R_217-C,R_217-C,<,1,0,0,0,RUTA 131 SECTOR (3) DOS RIOS
R_218,R_218-I,>,0,0,0,0,RUTA 131 CENTRAL DE AUTOBUSES
R_218,R_218-R,<,0,0,0,0,RUTA 131 CENTRAL DE AUTOBUSES
R_219,R_219-I,>,0,0,0,0,RUTA 131 MERCADO JUAREZ
R_219,R_219-R,<,0,0,0,0,RUTA 131 MERCADO JUAREZ
R_22,R_22-I,>,0,0,0,0,RUTA 040 SECTOR 1 PARAJE - SENDERO
R_22,R_22-R,<,0,0,0,0,RUTA 040 SECTOR 1 PARAJE - SENDERO
R_220,R_220-I,>,0,0,0,0,RUTA 134 TELEFONOS
R_220,R_220-R,<,0,0,0,0,RUTA 134 TELEFONOS
R_221,R_221-I,>,0,0,0,0,RUTA 310 PARQUES - ESTACION SAN BERNABE
R_221,R_221-R,<,0,0,0,0,RUTA 310 PARQUES - ESTACION SAN BERNABE
R_222-C,R_222-C,<,1,0,0,0,RUTA 310 PRADERAS - METRO TALLERES
R_223,R_223-I,>,0,0,0,0,RUTA 310 FOMERREY 110 - VALLE DE LINCOLN
R_223,R_223-R,<,0,0,0,0,RUTA 310 FOMERREY 110 - VALLE DE LINCOLN
R_224,R_224-I,>,0,0,0,0,RUTA 310 FOMERREY 112 LARGO
R_224,R_224-R,<,0,0,0,0,RUTA 310 FOMERREY 112 LARGO
R_225-C,R_225-C,<,1,0,0,0,RUTA 310 VALLE DE LINCOLN - ESTACION SAN BERNABE
R_226,R_226-I,>,0,0,0,0,RUTA 310 HIPERMART - CUMBRES
R_226,R_226-R,<,0,0,0,0,RUTA 310 HIPERMART - CUMBRES
R_227-C,R_227-C,<,1,0,0,0,RUTA 310 FOMERREY 25 - 51
R_228,R_228-I,>,0,0,0,0,RUTA 317 VILLAS DEL ARCO
R_228,R_228-R,<,0,0,0,0,RUTA 317 VILLAS DEL ARCO
R_229-C,R_229-C,<,1,0,0,0,RUTA 317 UTE
R_23-C,R_23-C,<,1,0,0,0,RUTA 231 CERAMICA
R_230,R_230-I,>,0,0,0,0,RUTA 317 SAN MARIO
R_230,R_230-R,<,0,0,0,0,RUTA 317 SAN MARIO
R_231,R_231-I,>,0,0,0,0,RUTA 317 PRIVADAS DEL SAUCES
R_231,R_231-R,<,0,0,0,0,RUTA 317 PRIVADAS DEL SAUCES
R_232-C,R_232-C,<,1,0,0,0,RUTA 317 HIDALGO - EL CARMEN - CIENEGA DE FLORES
R_233,R_233-I,>,0,0,0,0,RUTA 317 ESPERANZA
R_233,R_233-R,<,0,0,0,0,RUTA 317 ESPERANZA
R_234,R_234-I,>,0,0,0,0,RUTA 317 EL JARAL
R_234,R_234-R,<,0,0,0,0,RUTA 317 EL JARAL
R_235-C,R_235-C,<,1,0,0,0,RUTA 317 CIRCUITO HIDALGO
R_236,R_236-I,>,0,0,0,0,RUTA 310 PORTAL DE LINCOLN - ESTACION SAN BERNABE
R_236,R_236-R,<,0,0,0,0,RUTA 310 PORTAL DE LINCOLN - ESTACION SAN BERNABE
R_237-C,R_237-C,<,1,0,0,0,RUTA 310 VALLE DE LINCOLN - CUMBRES
R_238,R_238-I,>,0,0,0,0,RUTA 310 SECTOR 3 GARCIA - VILLA  AZUL - ESTACION SAN BERNABE
R_238,R_238-R,<,0,0,0,0,RUTA 310 SECTOR 3 GARCIA - VILLA  AZUL - ESTACION SAN BERNABE
R_239,R_239-I,>,0,0,0,0,RUTA 067 DIRECTO
R_239,R_239-R,<,0,0,0,0,RUTA 067 DIRECTO
R_24,R_24-I,>,0,0,0,0,RUTA 104 LAS HACIENDAS - MONTERREY
R_24,R_24-R,<,0,0,0,0,RUTA 104 LAS HACIENDAS - MONTERREY
R_240,R_240-I,>,0,0,0,0,RUTA 071 TRES CAMINOS
R_240,R_240-R,<,0,0,0,0,RUTA 071 TRES CAMINOS
R_241,R_241-I,>,0,0,0,0,RUTA 088 JARDINES
R_241,R_241-R,<,0,0,0,0,RUTA 088 JARDINES
R_242,R_242-I,>,0,0,0,0,RUTA 101 EBANOS
R_242,R_242-R,<,0,0,0,0,RUTA 101 EBANOS
R_243,R_243-I,>,0,0,0,0,RUTA 101 MANANTIAL
R_243,R_243-R,<,0,0,0,0,RUTA 101 MANANTIAL
R_244-C,R_244-C,<,1,0,0,0,RUTA 107 SECTOR (2) CASCO -LARGO)
R_245-C,R_245-C,<,1,0,0,0,RUTA 111 HEROES DE MONTERREY - CITADEL
R_248-C,R_248-C,<,0,0,0,0,RUTA 307 (1) CASCO
R_25,R_25-I,>,0,0,0,0,RUTA 013 PEDREGAL - AGROPECUARIA - ALIANZA REAL
R_25,R_25-R,<,0,0,0,0,RUTA 013 PEDREGAL - AGROPECUARIA - ALIANZA REAL
R_250,R_250-I,>,0,0,0,0,RUTA 307 (3) CERRITOS
R_250,R_250-R,<,0,0,0,0,RUTA 307 (3) CERRITOS
R_251-C,R_251-C,<,1,0,0,0,RUTA 307 (4) CERRITOS
R_252,R_252-I,>,0,0,0,0,RUTA 602 VALLE DEL ROBLE - PEMEX
R_252,R_252-R,<,0,0,0,0,RUTA 602 VALLE DEL ROBLE - PEMEX
R_253,R_253-I,>,0,0,0,0,RUTA 104 REAL DE PALMAS - APODACA- CITADEL
R_253,R_253-R,<,0,0,0,0,RUTA 104 REAL DE PALMAS - APODACA- CITADEL
R_254,R_254-I,>,0,0,0,0,RUTA 104 HEROES DE MONTERREY - CITADEL
R_254,R_254-R,<,0,0,0,0,RUTA 104 HEROES DE MONTERREY - CITADEL
R_255,R_255-I,>,0,0,0,0,RUTA 211 PABELLON
R_255,R_255-R,<,0,0,0,0,RUTA 211 PABELLON
R_256,R_256-I,>,0,0,0,0,RUTA 211 SAN MIGUEL
R_256,R_256-R,<,0,0,0,0,RUTA 211 SAN MIGUEL
R_257,R_257-I,>,0,0,0,0,RUTA 211 YORK
R_257,R_257-R,<,0,0,0,0,RUTA 211 YORK
R_258-C,R_258-C,<,1,0,0,0,RUTA 051 CIRCUITO PASEO DEL ROBLE SECTOR 3
R_259-C,R_259-C,<,1,0,0,0,RUTA 211 CIRCUITO SANTA MARIA SECTOR 4
R_260-C,R_260-C,<,1,0,0,0,RUTA 211 CIRCUITO ANZURES SECTOR 5
R_261-C,R_261-C,<,1,0,0,0,RUTA 222 CIRCUITO CANTORAL SECTOR 6
R_262-C,R_262-C,<,1,0,0,0,RUTA 214 SECTOR 5 ALIMENTADORA A DOS RIOS
R_263,R_263-I,>,0,0,0,0,RUTA 214 GUADALUPE - DIRECTO - LOPEZ MATEOS (FIDEL VELAZQUEZ)
R_263,R_263-R,<,0,0,0,0,RUTA 214 GUADALUPE - DIRECTO - LOPEZ MATEOS (FIDEL VELAZQUEZ)
R_264,R_264-I,>,0,0,0,0,RUTA 214 SERAFIN PEÑA
R_264,R_264-R,<,0,0,0,0,RUTA 214 SERAFIN PEÑA
R_265,R_265-I,>,0,0,0,0,RUTA 222 LAS FLORES - MISION REAL - GUERRERO
R_265,R_265-R,<,0,0,0,0,RUTA 222 LAS FLORES - MISION REAL - GUERRERO
R_266,R_266-I,>,0,0,0,0,RUTA 122 ESTANCIA - ALAMEDA
R_266,R_266-R,<,0,0,0,0,RUTA 122 ESTANCIA - ALAMEDA
R_267,R_267-I,>,0,0,0,0,RUTA 223 SECTOR 2 TEOFILO SALINAS
R_267,R_267-R,<,0,0,0,0,RUTA 223 SECTOR 2 TEOFILO SALINAS
R_268,R_268-I,>,0,0,0,0,RUTA 001 VISTAS DEL CARMEN - SAN NICOLAS SECTOR 6
R_268,R_268-R,<,0,0,0,0,RUTA 001 VISTAS DEL CARMEN - SAN NICOLAS SECTOR 6
R_269,R_269-I,>,0,0,0,0,RUTA 001 ALIANZA REAL - SAN NICOLAS SECTOR 3
R_269,R_269-R,<,0,0,0,0,RUTA 001 ALIANZA REAL - SAN NICOLAS SECTOR 3
R_27,R_27-I,>,0,0,0,0,RUTA 340 PALMIRAS - CLINICA 17
R_27,R_27-R,<,0,0,0,0,RUTA 340 PALMIRAS - CLINICA 17
R_270,R_270-I,>,0,0,0,0,RUTA 089 EJIDO JUAREZ - VALLE SOLEADO
R_270,R_270-R,<,0,0,0,0,RUTA 089 EJIDO JUAREZ - VALLE SOLEADO
R_271-C,R_271-C,<,1,0,0,0,RUTA 109 APODACA - NATURA - REAL DE PALMAS SECTOR 5
R_272-C,R_272-C,<,1,0,0,0,RUTA 218 ROSITA - SANTA MARIA SECTOR 3
R_273-C,R_273-C,<,1,0,0,0,RUTA 602 CIRCUITO BELLA VISTA
R_274,R_274-I,>,0,0,0,0,RUTA 226 SECTOR 2 PALMIRAS - CLINICA 6
R_274,R_274-R,<,0,0,0,0,RUTA 226 SECTOR 2 PALMIRAS - CLINICA 6
R_275-C,R_275-C,<,1,0,0,0,RUTA 013 SAN MIGUEL - CAMINO REAL - ESTACION SAN BERNABE
R_276,R_276-I,>,0,0,0,0,RUTA 064 SECTOR 1 TOPO CHICO - CLINICA 6
R_276,R_276-R,<,0,0,0,0,RUTA 064 SECTOR 1 TOPO CHICO - CLINICA 6
R_277,R_277-I,>,0,0,0,0,RUTA 068 SECTOR 1 URBI VILLA DEL REAL - CENTRO
R_277,R_277-R,<,0,0,0,0,RUTA 068 SECTOR 1 URBI VILLA DEL REAL - CENTRO
R_279,R_279-I,>,0,0,0,0,RUTA 040 SECTOR 2 SAN MIGUEL - CUMBRES
R_279,R_279-R,<,0,0,0,0,RUTA 040 SECTOR 2 SAN MIGUEL - CUMBRES
R_28,R_28-I,>,0,0,0,0,RUTA 105 SECTOR 4 CANTORAL - SENDERO LA FE
R_28,R_28-R,<,0,0,0,0,RUTA 105 SECTOR 4 CANTORAL - SENDERO LA FE
R_280,R_280-I,>,0,0,0,0,RUTA 305 CERAMICA
R_280,R_280-R,<,0,0,0,0,RUTA 305 CERAMICA
R_281,R_281-I,>,0,0,0,0,RUTA 350 SECTOR 1 EL BARRO - MONTERREY
R_281,R_281-R,<,0,0,0,0,RUTA 350 SECTOR 1 EL BARRO - MONTERREY
R_282-C,R_282-C,<,1,0,0,0,RUTA 310 SECTOR 15 CIRCUITO - BRISAS - CASCO - HEROES DE CAPELLANIA
R_283-C,R_283-C,<,1,0,0,0,RUTA 306 (3) CUAUHTEMOC - VALLE
R_284,R_284-I,>,0,0,0,0,RUTA 090 SECTOR 3 REAL DE PALMAS - CLINICA 6
R_284,R_284-R,<,0,0,0,0,RUTA 090 SECTOR 3 REAL DE PALMAS - CLINICA 6
R_285-C,R_285-C,<,1,0,0,0,RUTA 090 SECTOR 4 REAL SAN PEDRO - VILLAS DE ALCALA - CLINICA 6
R_286,R_286-I,>,0,0,0,0,RUTA 155 SECTOR 5 SAN FELIPE - SANTA CATARINA
R_286,R_286-R,<,0,0,0,0,RUTA 155 SECTOR 5 SAN FELIPE - SANTA CATARINA
R_287-C,R_287-C,<,1,0,0,0,RUTA 105 SECTOR 3 COLINAS DEL AEROPUERTO - APODACA
R_288-C,R_288-C,<,1,0,0,0,RUTA 105 SECTOR 2 KIA - RUIZ CORTINES
R_289,R_289-I,>,0,0,0,0,RUTA 240 SECTOR 1 GUADALUPE - SAN NICOLAS
R_289,R_289-R,<,0,0,0,0,RUTA 240 SECTOR 1 GUADALUPE - SAN NICOLAS
R_29,R_29-I,>,0,0,0,0,RUTA 313 SORIANA SAN JEMO - FOMERREY 1
R_29,R_29-R,<,0,0,0,0,RUTA 313 SORIANA SAN JEMO - FOMERREY 1
R_290,R_290-I,>,0,0,0,0,RUTA 223 SECTOR 4 CIRCUITO LOS HUERTOS
R_290,R_290-R,<,0,0,0,0,RUTA 223 SECTOR 4 CIRCUITO LOS HUERTOS
R_291,R_291-I,>,0,0,0,0,RUTA 041 SECTOR 1 KIA - LA CHONA
R_291,R_291-R,<,0,0,0,0,RUTA 041 SECTOR 1 KIA - LA CHONA
R_293,R_293-I,>,0,0,0,0,RUTA 310 SECTOR 4 PARAJE SAN JOSE - HOSPITAL UNIVERSITARIO
R_293,R_293-R,<,0,0,0,0,RUTA 310 SECTOR 4 PARAJE SAN JOSE - HOSPITAL UNIVERSITARIO
R_294,R_294-I,>,0,0,0,0,RUTA 155 SECTOR 4 AVANCE - CENTRO - EXPRESS
R_294,R_294-R,<,0,0,0,0,RUTA 155 SECTOR 4 AVANCE - CENTRO - EXPRESS
R_295-C,R_295-C,<,1,0,0,0,RUTA 214 SECTOR 4 TERRANOVA
R_296,R_296-I,>,0,0,0,0,RUTA 117 SANTA ROSA
R_296,R_296-R,<,0,0,0,0,RUTA 117 SANTA ROSA
R_297,R_297-I,>,0,0,0,0,RUTA 140 SECTOR (1) ESTACION VALLE SOLEADO - ESTACION FELIX U. GOMEZ
R_297,R_297-R,<,0,0,0,0,RUTA 140 SECTOR (1) ESTACION VALLE SOLEADO - ESTACION FELIX U. GOMEZ
R_298-C,R_298-C,<,1,0,0,0,RUTA 220 SECTOR 1 PRADERAS DE SAN FRANCISCO - COLINAS DEL TOPO CHICO
R_299-C,R_299-C,<,1,0,0,0,RUTA 232 SECTOR 1 PARAJE SAN JOSE - VALLE DE SAN FRANCISCO
R_3,R_3-I,>,0,0,0,0,RUTA SANTIAGO - ALAMO - MONTERREY
R_3,R_3-R,<,0,0,0,0,RUTA SANTIAGO - ALAMO - MONTERREY
R_30,R_30-I,>,0,0,0,0,RUTA 311 TOBOGAN
R_30,R_30-R,<,0,0,0,0,RUTA 311 TOBOGAN
R_300,R_300-I,>,0,0,0,0,RUTA 051 SECTOR 4 CIENEGA DE FLORES - CLINICA 6
R_300,R_300-R,<,0,0,0,0,RUTA 051 SECTOR 4 CIENEGA DE FLORES - CLINICA 6
R_301,R_301-I,>,0,0,0,0,RUTA 051 SECTOR 5 HEROES DE MONTEREY - CLINICA 6
R_301,R_301-R,<,0,0,0,0,RUTA 051 SECTOR 5 HEROES DE MONTEREY - CLINICA 6
R_302,R_302-I,>,0,0,0,0,RUTA 340 SECTOR 1 BUENA VISTA - CLINICA 34
R_302,R_302-R,<,0,0,0,0,RUTA 340 SECTOR 1 BUENA VISTA - CLINICA 34
R_303,R_303-I,>,0,0,0,0,RUTA 171 SECTOR 1 PORTAL DEL FRAILE - ESTACION SAN BERNABE
R_303,R_303-R,<,0,0,0,0,RUTA 171 SECTOR 1 PORTAL DEL FRAILE - ESTACION SAN BERNABE
R_304-C,R_304-C,<,1,0,0,0,RUTA 041 SECTOR 3 DINASTIA - SENDERO LA FE
R_305-C,R_305-C,<,1,0,0,0,RUTA 051 SECTOR 8 CIRCUITO CIENEGA DE FLORES - ZUAZUA
R_306,R_306-I,>,0,0,0,0,RUTA 201 SECTOR 1 SANTA CATARINA - ESTACION MITRAS POR PERIMETRAL NORTE
R_306,R_306-R,<,0,0,0,0,RUTA 201 SECTOR 1 SANTA CATARINA - ESTACION MITRAS POR PERIMETRAL NORTE
R_307-C,R_307-C,<,1,0,0,0,RUTA 051 SECTOR 2 PGR - SENDERO LA FE POR COSMOPOLIS
R_308,R_308-I,>,0,0,0,0,RUTA 161 SECTOR 2 REAL SAN PEDRO - VILLAS DE ALCALA - CLINICA 6
R_308,R_308-R,<,0,0,0,0,RUTA 161 SECTOR 2 REAL SAN PEDRO - VILLAS DE ALCALA - CLINICA 6
R_309-C,R_309-C,<,1,0,0,0,RUTA 161 SECTOR 1 REAL DE PALMAS - CLINICA 6
R_31,R_31-I,>,0,0,0,0,RUTA 311 PABLO GONZALEZ
R_31,R_31-R,<,0,0,0,0,RUTA 311 PABLO GONZALEZ
R_310,R_310-I,>,0,0,0,0,RUTA 219 SECTOR 1 TREBOLES - UANL - B. REYES
R_310,R_310-R,<,0,0,0,0,RUTA 219 SECTOR 1 TREBOLES - UANL - B. REYES
R_311,R_311-I,>,0,0,0,0,RUTA 111 SECTOR  1 PESQUERIA - MONTERREY - DIRECTO
R_311,R_311-R,<,0,0,0,0,RUTA 111 SECTOR  1 PESQUERIA - MONTERREY - DIRECTO
R_312,R_312-I,>,0,0,0,0,RUTA 004 CIRCUNVALACION - SAN BERNABE
R_312,R_312-R,<,0,0,0,0,RUTA 004 CIRCUNVALACION - SAN BERNABE
R_313,R_313-I,>,0,0,0,0,RUTA 001 SECTOR 4 PILARES - CENTRAL DE AUTOBUSES
R_313,R_313-R,<,0,0,0,0,RUTA 001 SECTOR 4 PILARES - CENTRAL DE AUTOBUSES
R_314,R_314-I,>,0,0,0,0,RUTA 001 SECTOR 7 PILARES - CLINICA 6
R_314,R_314-R,<,0,0,0,0,RUTA 001 SECTOR 7 PILARES - CLINICA 6
R_315-C,R_315-C,<,1,0,0,0,RUTA 219 SECTOR 4 CIRCUITO TREBOLES - PARQUES INDUSTRIALES
R_316,R_316-I,>,0,0,0,0,RUTA 219 SECTOR 2 TREBOLES - CHURUBUSCO - GUADALUPE
R_316,R_316-R,<,0,0,0,0,RUTA 219 SECTOR 2 TREBOLES - CHURUBUSCO - GUADALUPE
R_317-C,R_317-C,<,1,0,0,0,RUTA 002 SECTOR 2 CIRCUITO LOS VALLE
R_318,R_318-I,>,0,0,0,0,RUTA 219 SECTOR 3 PROVIVIENDA - TREBOLES
R_318,R_318-R,<,0,0,0,0,RUTA 219 SECTOR 3 PROVIVIENDA - TREBOLES
R_319,R_319-I,>,0,0,0,0,RUTA 013 ALIANZA - CENTRO POR CAMINO REAL
R_319,R_319-R,<,0,0,0,0,RUTA 013 ALIANZA - CENTRO POR CAMINO REAL
R_32,R_32-I,>,0,0,0,0,RUTA 311 MADRE SELVA
R_32,R_32-R,<,0,0,0,0,RUTA 311 MADRE SELVA
R_320-C,R_320-C,<,1,0,0,0,RUTA 013 ALIANZA REAL - PEDREGAL - TIERRA Y LIBERTAD
R_321,R_321-I,>,0,0,0,0,RUTA 013 SOLI - DIRECTO
R_321,R_321-R,<,0,0,0,0,RUTA 013 SOLI - DIRECTO
R_322,R_322-I,>,0,0,0,0,RUTA 223 P. LIVAS - CENTRO
R_322,R_322-R,<,0,0,0,0,RUTA 223 P. LIVAS - CENTRO
R_323,R_323-I,>,0,0,0,0,RUTA 223 (3) POR COAHUILA
R_323,R_323-R,<,0,0,0,0,RUTA 223 (3) POR COAHUILA
R_324-C,R_324-C,<,1,0,0,0,RUTA 329 SECTOR 1 ARENAS - SENDERO LA FE
R_325,R_325-I,>,0,0,0,0,RUTA 204 SECTOR 1 SAN BERNABE - SAN PEDRO
R_325,R_325-R,<,0,0,0,0,RUTA 204 SECTOR 1 SAN BERNABE - SAN PEDRO
R_326-C,R_326-C,<,1,0,0,0,RUTA 001 CIRCUITO ALIMENTADOR ABASOLO - EL CARMEN
R_327-C,R_327-C,<,1,0,0,0,RUTA 096 SECTOR 2 SAN GILBERTO - SAN PEDRO
R_328,R_328-I,>,0,0,0,0,RUTA 040 SECTOR 3 BUENA VISTA - METRO SAN BERNABE
R_328,R_328-R,<,0,0,0,0,RUTA 040 SECTOR 3 BUENA VISTA - METRO SAN BERNABE
R_329,R_329-I,>,0,0,0,0,RUTA 096 SECTOR 5 HEROES - SAN PEDRO
R_329,R_329-R,<,0,0,0,0,RUTA 096 SECTOR 5 HEROES - SAN PEDRO
R_33-C,R_33-C,<,1,0,0,0,RUTA 308 COLORINES
R_330-C,R_330-C,<,1,0,0,0,RUTA 096 SECTOR 6 MINAS POR CENTRO
R_331,R_331-I,>,0,0,0,0,RUTA 096 SECTOR 6 MINAS POR ICAMOLE
R_331,R_331-R,<,0,0,0,0,RUTA 096 SECTOR 6 MINAS POR ICAMOLE
R_332,R_332-I,>,0,0,0,0,RUTA 300 SECTOR 2 VALLE ORIENTE - VALLE PONIENTE
R_332,R_332-R,<,0,0,0,0,RUTA 300 SECTOR 2 VALLE ORIENTE - VALLE PONIENTE
R_333-C,R_333-C,<,1,0,0,0,RUTA 329 SECTOR 2 FLORESTA - APODACA
R_334-C,R_334-C,<,1,0,0,0,RUTA 002 SECTOR 3 CIRCUITO RANCHO VIEJO
R_335,R_335-I,>,0,0,0,0,RUTA 041 SECTOR 2 HACIENDAS - LA CHONA
R_335,R_335-R,<,0,0,0,0,RUTA 041 SECTOR 2 HACIENDAS - LA CHONA
R_336,R_336-I,>,0,0,0,0,RUTA 041 SECTOR 5 COLINAS - HOSPITAL METROPOLITANO
R_336,R_336-R,<,0,0,0,0,RUTA 041 SECTOR 5 COLINAS - HOSPITAL METROPOLITANO
R_337,R_337-I,>,0,0,0,0,RUTA 041 SECTOR 6 COLINAS - LA CHONA
R_337,R_337-R,<,0,0,0,0,RUTA 041 SECTOR 6 COLINAS - LA CHONA
R_338,R_338-I,>,0,0,0,0,RUTA 030 SECTOR 1 EL BARRO - CENTRO
R_338,R_338-R,<,0,0,0,0,RUTA 030 SECTOR 1 EL BARRO - CENTRO
R_339,R_339-I,>,0,0,0,0,RUTA 039 SECTOR 1 NORMAL
R_339,R_339-R,<,0,0,0,0,RUTA 039 SECTOR 1 NORMAL
R_34,R_34-I,>,0,0,0,0,RUTA 308 ALFA
R_34,R_34-R,<,0,0,0,0,RUTA 308 ALFA
R_340,R_340-I,>,0,0,0,0,RUTA 185 SECTOR 1 VALLE REAL - CENTRO
R_340,R_340-R,<,0,0,0,0,RUTA 185 SECTOR 1 VALLE REAL - CENTRO
R_341,R_341-I,>,0,0,0,0,RUTA 051 SECTOR 7 CIENEGA DE FLORES - ALAMEDA - EXPRES
R_341,R_341-R,<,0,0,0,0,RUTA 051 SECTOR 7 CIENEGA DE FLORES - ALAMEDA - EXPRES
R_343,R_343-I,>,0,0,0,0,RUTA 685 SECTOR 1 SALINAS DIRECTO
R_343,R_343-R,<,0,0,0,0,RUTA 685 SECTOR 1 SALINAS DIRECTO
R_344,R_344-I,>,0,0,0,0,RUTA 685 SECTOR 2 BOSQUES DE LOS NOGALES
R_344,R_344-R,<,0,0,0,0,RUTA 685 SECTOR 2 BOSQUES DE LOS NOGALES
R_345,R_345-I,>,0,0,0,0,RUTA 115 SIERRA VENTANA
R_345,R_345-R,<,0,0,0,0,RUTA 115 SIERRA VENTANA
R_346,R_346-I,>,0,0,0,0,RUTA 185 SECTOR 2 VALLE REAL - CENTRO POR ZERTUCHE
R_346,R_346-R,<,0,0,0,0,RUTA 185 SECTOR 2 VALLE REAL - CENTRO POR ZERTUCHE
R_347,R_347-I,>,0,0,0,0,RUTA 223 SECTOR 1 MONTE VERDE - EXPOSICION
R_347,R_347-R,<,0,0,0,0,RUTA 223 SECTOR 1 MONTE VERDE - EXPOSICION
R_348,R_348-I,>,0,0,0,0,RUTA 223 SECTOR 5 LAS TORRES - EXPOSICION
R_348,R_348-R,<,0,0,0,0,RUTA 223 SECTOR 5 LAS TORRES - EXPOSICION
R_349,R_349-I,>,0,0,0,0,RUTA 356 SECTOR 2 PALMIRAS - SAN NICOLAS
R_349,R_349-R,<,0,0,0,0,RUTA 356 SECTOR 2 PALMIRAS - SAN NICOLAS
R_35,R_35-I,>,0,0,0,0,RUTA 305 1 DE MAYO - TRABAJADORES - SAN AGUSTIN
R_35,R_35-R,<,0,0,0,0,RUTA 305 1 DE MAYO - TRABAJADORES - SAN AGUSTIN
R_350-C,R_350-C,<,1,0,0,0,RUTA 356 SECTOR 1 FOMERREY 36 - PARQUE LINEAL ESCOBEDO
R_351,R_351-I,>,0,0,0,0,RUTA 314 SECTOR 1 PARQUE INDUSTRIAL ESCOBEDO - SENDERO LINCOLN
R_351,R_351-R,<,0,0,0,0,RUTA 314 SECTOR 1 PARQUE INDUSTRIAL ESCOBEDO - SENDERO LINCOLN
R_352,R_352-I,>,0,0,0,0,RUTA 038 SECTOR 2 PARAJE SAN JOSE - CENTRO
R_352,R_352-R,<,0,0,0,0,RUTA 038 SECTOR 2 PARAJE SAN JOSE - CENTRO
R_353,R_353-I,>,0,0,0,0,RUTA 038 SECTOR 1 LIBRAMIENTO - CENTRO
R_353,R_353-R,<,0,0,0,0,RUTA 038 SECTOR 1 LIBRAMIENTO - CENTRO
R_354,R_354-I,>,0,0,0,0,RUTA 138 SECTOR 1 GARCIA - CENTRO POR RUIZ CORTINES
R_354,R_354-R,<,0,0,0,0,RUTA 138 SECTOR 1 GARCIA - CENTRO POR RUIZ CORTINES
R_355,R_355-I,>,0,0,0,0,RUTA 138 SECTOR 2 GARCIA - CENTRO POR RUIZ CORTINES
R_355,R_355-R,<,0,0,0,0,RUTA 138 SECTOR 2 GARCIA - CENTRO POR RUIZ CORTINES
R_356,R_356-I,>,0,0,0,0,RUTA 326 PEÑA GUERRA
R_356,R_356-R,<,0,0,0,0,RUTA 326 PEÑA GUERRA
R_357,R_357-I,>,0,0,0,0,RUTA 527 VISTAS DEL RIO
R_357,R_357-R,<,0,0,0,0,RUTA 527 VISTAS DEL RIO
R_358,R_358-I,>,0,0,0,0,RUTA 527 DIRECTO
R_358,R_358-R,<,0,0,0,0,RUTA 527 DIRECTO
R_359-C,R_359-C,<,1,0,0,0,RUTA 527 ALIMENTADORA A SAN PABLO
R_36,R_36-I,>,0,0,0,0,RUTA 301 REVOLUCION
R_36,R_36-R,<,0,0,0,0,RUTA 301 REVOLUCION
R_360,R_360-I,>,0,0,0,0,RUTA 502 INTRAMUNICIPAL
R_360,R_360-R,<,0,0,0,0,RUTA 502 INTRAMUNICIPAL
R_361-C,R_361-C,<,1,0,0,0,RUTA 501 INTRAMUNICIPAL
R_362-C,R_362-C,<,1,0,0,0,RUTA 505 CIRCUITO VALLE B
R_363,R_363-I,>,0,0,0,0,RUTA 505 CIRCUITO VALLE A
R_363,R_363-R,<,0,0,0,0,RUTA 505 CIRCUITO VALLE A
R_364-C,R_364-C,<,1,0,0,0,RUTA 527 SECTOR 2 CIRCUITO COSMOPOLIS - UTE
R_365-C,R_365-C,<,1,0,0,0,RUTA 527 SECTOR 1 SAN MIGUEL - SANTA ROSA
R_366-C,R_366-C,<,1,0,0,0,RUTA 527 SECTOR 3 ANZURES - APODACA
R_367,R_367-I,>,0,0,0,0,RUTA 405 FELIX U. GOMEZ - CD. SATELLITE
R_367,R_367-R,<,0,0,0,0,RUTA 405 FELIX U. GOMEZ - CD. SATELLITE
R_368,R_368-I,>,0,0,0,0,RUTA 420 ARBOLEDAS
R_368,R_368-R,<,0,0,0,0,RUTA 420 ARBOLEDAS
R_37,R_37-I,>,0,0,0,0,RUTA 155 SECTOR 3 ABASTOS - FLETEROS
R_37,R_37-R,<,0,0,0,0,RUTA 155 SECTOR 3 ABASTOS - FLETEROS
R_371,R_371-I,>,0,0,0,0,RUTA 419 METROBUS (DOS RIOS - EXPOSICION)
R_371,R_371-R,<,0,0,0,0,RUTA 419 METROBUS (DOS RIOS - EXPOSICION)
R_372,R_372-I,>,0,0,0,0,RUTA 411 EXPO - SAN RAFAEL
R_372,R_372-R,<,0,0,0,0,RUTA 411 EXPO - SAN RAFAEL
R_373,R_373-I,>,0,0,0,0,RUTA 403 FAISANES
R_373,R_373-R,<,0,0,0,0,RUTA 403 FAISANES
R_374-C,R_374-C,<,1,0,0,0,RUTA 420 MONTECRISTAL
R_375,R_375-I,>,0,0,0,0,ALIMENTADORA 202  - SANTA CATARINA ESTACION COYOACAN
R_375,R_375-R,<,0,0,0,0,ALIMENTADORA 202  - SANTA CATARINA ESTACION COYOACAN
R_376-C,R_376-C,<,0,0,0,0,ALIMENTADORA 6 LOPEZ MATEOS - ESTACION COYOACAN Y CHURUBUSCO
R_378,R_378-I,>,0,0,0,0,CIRCUITO DIF 1 - CREE - HOSPITAL METROPOLITANO
R_378,R_378-R,<,0,0,0,0,CIRCUITO DIF 1 - CREE - HOSPITAL METROPOLITANO
R_379-C,R_379-C,<,1,0,0,0,TRANSMETRO PABELLON - TORRE CIVICA
R_38,R_38-I,>,0,0,0,0,RUTA 228 VALLE DE SANTA MARIA - TOSCANA - CENTRO
R_38,R_38-R,<,0,0,0,0,RUTA 228 VALLE DE SANTA MARIA - TOSCANA - CENTRO
R_380-C,R_380-C,<,1,0,0,0,"CIRCUITO 2 DIF - H- MATERNO INFANTIL- ""Y"""
R_381-C,R_381-C,<,1,0,0,0,ALIMENTADORA 215 XOCHIMILCO ESTACION CHURUBUSCO
R_382-C,R_382-C,<,1,0,0,0,ALIMENTADORA 210  EXPO GUADALUPE - ESTACION AMERICAS
R_384-C,R_384-C,<,1,0,0,0,ALIMENTADORA 210 PUEBLO NUEVO - ESTACION SAN MIGUEL
R_385-C,R_385-C,<,1,0,0,0,ALIMENTADORA 202 HACIENDA MARGARITAS TERMINAL V. SOLEADO - CONDE
R_386-C,R_386-C,<,1,0,0,0,TRANSMETRO SANTO DOMINGO
R_387-C,R_387-C,<,1,0,0,0,TRANSMETRO LAS PUENTES
R_388-C,R_388-C,<,1,0,0,0,TRANSMETRO APODACA - SAN NICOLAS
R_389-C,R_389-C,<,1,0,0,0,TRANSMETRO MONTEREAL
R_39,R_39-I,>,0,0,0,0,RUTA 228 ANZURES - CENTRO
R_39,R_39-R,<,0,0,0,0,RUTA 228 ANZURES - CENTRO
R_390-C,R_390-C,<,1,0,0,0,TRANSMETRO FOMERREY 9
R_391-C,R_391-C,<,1,0,0,0,TRANSMETRO JULIO A. ROCA
R_392-C,R_392-C,<,1,0,0,0,TRANSMETRO CABEZADA
R_393-C,R_393-C,<,1,0,0,0,TRANSMETRO NO REELECCION
R_395-C,R_395-C,<,1,0,0,0,ALIMENTADORA 35 MITRAS PONIENTE - TERMINAL LINCOLN
R_396-C,R_396-C,<,1,0,0,0,ALIMENTADORA 35 VALLE DE LINCOLN - TERMINAL LINCOLN
R_397-C,R_397-C,<,1,0,0,0,ALIMENTADORA 107 AVANCE
R_398-C,R_398-C,<,1,0,0,0,ALIMENTADORA 107 CASCO
R_399-C,R_399-C,<,1,0,0,0,TRANSMETRO PABLO LIVAS
R_4,R_4-I,>,0,0,0,0,RUTA SANTIAGO - LOS FIERROS - SAN FRANCISCO
R_4,R_4-R,<,0,0,0,0,RUTA SANTIAGO - LOS FIERROS - SAN FRANCISCO
R_40-C,R_40-C,<,1,0,0,0,RUTA 223 VALLE SUR
R_400,R_400-I,>,0,0,0,0,ECOVIA
R_400,R_400-R,<,0,0,0,0,ECOVIA
R_400B,R_400B-I,>,0,0,0,0,ECOVIA-B
R_400B,R_400B-R,<,0,0,0,0,ECOVIA-B
R_401,R_401-I,>,0,0,0,0,LINEA 2
R_401,R_401-R,<,0,0,0,0,LINEA 2
R_402,R_402-I,>,0,0,0,0,LINEA 1
R_402,R_402-R,<,0,0,0,0,LINEA 1
R_404-C,R_404-C,<,1,0,0,0,RUTA 172 MONTEVERDE - ZIRANDARO
R_405-C,R_405-C,<,0,0,0,0,RUTA 172 NUEVO LEON - COMETAS
R_406-C,R_406-C,<,1,0,0,0,RUTA 104  MARIN - LAS HIGUERAS - APODACA
R_407-C,R_407-C,<,1,0,0,0,RUTA 104 MARIN - DR. GONZALEZ
R_408-C,R_408-C,<,1,0,0,0,RUTA 104 MARIN - ZUA ZUA
R_409-C,R_409-C,<,1,0,0,0,RUTA 155  VIÑEROS LOMAS
R_41,R_41-I,>,0,0,0,0,RUTA 223 (3) SAN FRANCISCO - CENTRO SECTOR 3
R_41,R_41-R,<,0,0,0,0,RUTA 223 (3) SAN FRANCISCO - CENTRO SECTOR 3
R_410-C,R_410-C,<,1,0,0,0,RUTA 39 GLORIA MENDIOLA
R_411-C,R_411-C,<,1,0,0,0,527 SANTA MARIA-APODACA
R_412-C,R_412-C,<,1,0,0,0,RUTA 38 VALLE DE LINCONL-CENTRO (NUEVA)
R_413-C,R_413-C,<,1,0,0,0,RUTA 5 ESTANZUELA
R_414-C,R_414-C,<,1,0,0,0,RUTA 307 (5) ALAMEDAS
R_415-C,R_415-C,<,1,0,0,0,RUTA 310 SECTOR 12 GARCIA - ESTACION SAN BERNABE - DIRECTO (METRO DIRECTO)
R_416-C,R_416-C,<,1,0,0,0,RUTA 38 SAN BLAS - ECOVIA
R_417-C,R_417-C,<,0,0,0,0,SALINAS-HIDALGO
R_418-C,R_418-C,<,1,0,0,0,DIF
R_42,R_42-I,>,0,0,0,0,RUTA 223 (1) QUINTA LAS SABINAS
R_42,R_42-R,<,0,0,0,0,RUTA 223 (1) QUINTA LAS SABINAS
R_43,R_43-I,>,0,0,0,0,RUTA 001 CENTRAL
R_43,R_43-R,<,0,0,0,0,RUTA 001 CENTRAL
R_44,R_44-I,>,0,0,0,0,RUTA 001 DIRECTO - TORRE ADMINISTRATIVA
R_44,R_44-R,<,0,0,0,0,RUTA 001 DIRECTO - TORRE ADMINISTRATIVA
R_45,R_45-I,>,0,0,0,0,RUTA 001 EL CARMEN - SAN NICOLAS SECTOR 2
R_45,R_45-R,<,0,0,0,0,RUTA 001 EL CARMEN - SAN NICOLAS SECTOR 2
R_46,R_46-I,>,0,0,0,0,RUTA 005 CRISTALES
R_46,R_46-R,<,0,0,0,0,RUTA 005 CRISTALES
R_48-C,R_48-C,<,1,0,0,0,RUTA 013 SOLI - PRADERAS
R_49,R_49-I,>,0,0,0,0,RUTA  016 (ANTES 232)PEDREGAL - LA UNIDAD
R_49,R_49-R,<,0,0,0,0,RUTA  016 (ANTES 232)PEDREGAL - LA UNIDAD
R_5,R_5-I,>,0,0,0,0,RUTA SANTIAGO - CADEREYTA
R_5,R_5-R,<,0,0,0,0,RUTA SANTIAGO - CADEREYTA
R_50,R_50-I,>,0,0,0,0,RUTA 017 AUDITORIO - CASCO SAN PEDRO
R_50,R_50-R,<,0,0,0,0,RUTA 017 AUDITORIO - CASCO SAN PEDRO
R_51,R_51-I,>,0,0,0,0,RUTA 017 PIO X - UANL
R_51,R_51-R,<,0,0,0,0,RUTA 017 PIO X - UANL
R_52,R_52-I,>,0,0,0,0,RUTA 017 SANTUARIO
R_52,R_52-R,<,0,0,0,0,RUTA 017 SANTUARIO
R_53,R_53-I,>,0,0,0,0,RUTA 020 (1) JUAREZ
R_53,R_53-R,<,0,0,0,0,RUTA 020 (1) JUAREZ
R_54,R_54-I,>,0,0,0,0,RUTA 020 (2) ALAMEDA
R_54,R_54-R,<,0,0,0,0,RUTA 020 (2) ALAMEDA
R_55-C,R_55-C,<,1,0,0,0,RUTA 020 (3) CLOUTHIER
R_56,R_56-I,>,0,0,0,0,RUTA 023 SECTOR 1 CEDROS
R_56,R_56-R,<,0,0,0,0,RUTA 023 SECTOR 1 CEDROS
R_57,R_57-I,>,0,0,0,0,RUTA 023 SECTOR 2 CUMBRES
R_57,R_57-R,<,0,0,0,0,RUTA 023 SECTOR 2 CUMBRES
R_59,R_59-I,>,0,0,0,0,RUTA 031 SAN BERNABE
R_59,R_59-R,<,0,0,0,0,RUTA 031 SAN BERNABE
R_6,R_6-I,>,0,0,0,0,RUTA SANTIAGO - EL CERCADO - CIENEGUILLAS
R_6,R_6-R,<,0,0,0,0,RUTA SANTIAGO - EL CERCADO - CIENEGUILLAS
R_61-C,R_61-C,<,1,0,0,0,RUTA 039 BALCONES - SENDERO
R_62,R_62-I,>,0,0,0,0,RUTA 042 REALITO
R_62,R_62-R,<,0,0,0,0,RUTA 042 REALITO
R_64,R_64-I,>,0,0,0,0,RUTA 050 MAS PALOMAS
R_64,R_64-R,<,0,0,0,0,RUTA 050 MAS PALOMAS
R_65,R_65-I,>,0,0,0,0,RUTA 053 MINA - HIDALGO - SAN NICOLAS - DIRECTO
R_65,R_65-R,<,0,0,0,0,RUTA 053 MINA - HIDALGO - SAN NICOLAS - DIRECTO
R_66-C,R_66-C,<,1,0,0,0,RUTA 226 (055) JOYAS - LOS AYALA - DIRECTO
R_67,R_67-I,>,0,0,0,0,RUTA 226 (055) PLAZAS OUTLET - BUENA VISTA
R_67,R_67-R,<,0,0,0,0,RUTA 226 (055) PLAZAS OUTLET - BUENA VISTA
R_68-C,R_68-C,<,1,0,0,0,RUTA 065 LAZARO CARDENAS
R_69,R_69-I,>,0,0,0,0,RUTA 067 CINTERMEX
R_69,R_69-R,<,0,0,0,0,RUTA 067 CINTERMEX
R_7,R_7-I,>,0,0,0,0,RUTA 214 GUADALUPE - SAN SEBASTIAN (SAN SEBASTIAN - SAUCE)
R_7,R_7-R,<,0,0,0,0,RUTA 214 GUADALUPE - SAN SEBASTIAN (SAN SEBASTIAN - SAUCE)
R_70,R_70-I,>,0,0,0,0,RUTA 069 CENTRO
R_70,R_70-R,<,0,0,0,0,RUTA 069 CENTRO
R_71,R_71-I,>,0,0,0,0,RUTA 070 SECTOR 1 TOLTECA
R_71,R_71-R,<,0,0,0,0,RUTA 070 SECTOR 1 TOLTECA
R_72,R_72-I,>,0,0,0,0,RUTA 070 SECTOR 2 VIVIENDA POPULAR
R_72,R_72-R,<,0,0,0,0,RUTA 070 SECTOR 2 VIVIENDA POPULAR
R_75,R_75-I,>,0,0,0,0,RUTA 083 VIVIENDAS MAGDALENA
R_75,R_75-R,<,0,0,0,0,RUTA 083 VIVIENDAS MAGDALENA
R_76,R_76-I,>,0,0,0,0,RUTA 083 TIERRA PROPIA - REGUIETES
R_76,R_76-R,<,0,0,0,0,RUTA 083 TIERRA PROPIA - REGUIETES
R_77,R_77-I,>,0,0,0,0,RUTA 085 HACIENDA SANTA MONICA POR ACUEDUCTO
R_77,R_77-R,<,0,0,0,0,RUTA 085 HACIENDA SANTA MONICA POR ACUEDUCTO
R_78,R_78-I,>,0,0,0,0,RUTA 085 TIERRA PROPIA - NARANJOS
R_78,R_78-R,<,0,0,0,0,RUTA 085 TIERRA PROPIA - NARANJOS
R_79,R_79-I,>,0,0,0,0,RUTA 085 SALVADOR CHAVEZ - TIERRA PROPIA
R_79,R_79-R,<,0,0,0,0,RUTA 085 SALVADOR CHAVEZ - TIERRA PROPIA
R_8,R_8-I,>,0,0,0,0,RUTA 117 PASEO PRADOS
R_8,R_8-R,<,0,0,0,0,RUTA 117 PASEO PRADOS
R_80,R_80-I,>,0,0,0,0,RUTA 088 MOISES SAENZ - COSMOPOLIS
R_80,R_80-R,<,0,0,0,0,RUTA 088 MOISES SAENZ - COSMOPOLIS
R_81,R_81-I,>,0,0,0,0,RUTA 095 SAN ANGEL - UNIVERSITARIO
R_81,R_81-R,<,0,0,0,0,RUTA 095 SAN ANGEL - UNIVERSITARIO
R_82,R_82-I,>,0,0,0,0,RUTA 097 SATELITE - ESTACION FELIX U. GOMEZ
R_82,R_82-R,<,0,0,0,0,RUTA 097 SATELITE - ESTACION FELIX U. GOMEZ
R_83-C,R_83-C,<,1,0,0,0,RUTA 105 ALIMENTADORA A JESUS MARIA
R_84,R_84-I,>,0,0,0,0,RUTA 105 NOVA - APODACA - CENTRO
R_84,R_84-R,<,0,0,0,0,RUTA 105 NOVA - APODACA - CENTRO
R_85-C,R_85-C,<,1,0,0,0,RUTA 105 MISION - PARQUES INDUSTRIALES
R_86,R_86-I,>,0,0,0,0,RUTA 105 SAN ISIDRO
R_86,R_86-R,<,0,0,0,0,RUTA 105 SAN ISIDRO
R_87,R_87-I,>,0,0,0,0,RUTA 105 SAN MARTIN
R_87,R_87-R,<,0,0,0,0,RUTA 105 SAN MARTIN
R_88,R_88-I,>,0,0,0,0,RUTA 108 21 DE ENERO - CENTRO
R_88,R_88-R,<,0,0,0,0,RUTA 108 21 DE ENERO - CENTRO
R_89,R_89-I,>,0,0,0,0,RUTA 108 LINDA VISTA - CENTRO
R_89,R_89-R,<,0,0,0,0,RUTA 108 LINDA VISTA - CENTRO
R_9,R_9-I,>,0,0,0,0,RUTA 327 SAN ANDRES
R_9,R_9-R,<,0,0,0,0,RUTA 327 SAN ANDRES
R_90,R_90-I,>,0,0,0,0,RUTA 108 SAN RAFAEL - LINDA VISTA - LINDA VISTA
R_90,R_90-R,<,0,0,0,0,RUTA 108 SAN RAFAEL - LINDA VISTA - LINDA VISTA
R_91-C,R_91-C,<,1,0,0,0,RUTA 109 CIRCUITO 1
R_92,R_92-I,>,0,0,0,0,RUTA 109 PABELLON (CIRCUITO 1 NOVA)
R_92,R_92-R,<,0,0,0,0,RUTA 109 PABELLON (CIRCUITO 1 NOVA)
R_93,R_93-I,>,0,0,0,0,RUTA 109 SAN ISIDRO
R_93,R_93-R,<,0,0,0,0,RUTA 109 SAN ISIDRO
R_94,R_94-I,>,0,0,0,0,RUTA 111 SECTOR 2 COLINAS DEL AEROPUERTO - CENTRAL DE AUTOBUSES
R_94,R_94-R,<,0,0,0,0,RUTA 111 SECTOR 2 COLINAS DEL AEROPUERTO - CENTRAL DE AUTOBUSES
R_95-C,R_95-C,<,1,0,0,0,RUTA 111 ENLACE ZACATECAS
R_96-C,R_96-C,<,1,0,0,0,RUTA 111 RAMONES
R_97,R_97-I,>,0,0,0,0,RUTA 111 REAL DE PALMAS - ARTEMIO TREVIÑO - LA FE
R_97,R_97-R,<,0,0,0,0,RUTA 111 REAL DE PALMAS - ARTEMIO TREVIÑO - LA FE
R_98,R_98-I,>,0,0,0,0,RUTA 112 REPUBLICA
R_98,R_98-R,<,0,0,0,0,RUTA 112 REPUBLICA
R_99,R_99-I,>,0,0,0,0,RUTA 113 CANTERAS
R_99,R_99-R,<,0,0,0,0,RUTA 113 CANTERAS
