NO,GTYPE,NAME,STRICT,RANK,TSYSSET,NUMLANES,CAPPRT,V0PRT,VMINPRT,COSTRATE1_PUTSYS(AC),COSTRATE1_PUTSYS(AL),COSTRATE1_PUTSYS(C),COSTRATE1_PUTSYS(EX),COSTRATE1_PUTSYS(M),COSTRATE1_PUTSYS(MBUS),COSTRATE1_PUTSYS(R),COSTRATE1_PUTSYS(RAE),COSTRATE1_PUTSYS(RE),COSTRATE1_PUTSYS(S),COSTRATE1_PUTSYS(T),COSTRATE1_PUTSYS(TM),COSTRATE2_PUTSYS(AC),COSTRATE2_PUTSYS(AL),COSTRATE2_PUTSYS(C),COSTRATE2_PUTSYS(EX),COSTRATE2_PUTSYS(M),COSTRATE2_PUTSYS(MBUS),COSTRATE2_PUTSYS(R),COSTRATE2_PUTSYS(RAE),COSTRATE2_PUTSYS(RE),COSTRATE2_PUTSYS(S),COSTRATE2_PUTSYS(T),COSTRATE2_PUTSYS(TM),COSTRATE3_PUTSYS(AC),COSTRATE3_PUTSYS(AL),COSTRATE3_PUTSYS(C),COSTRATE3_PUTSYS(EX),COSTRATE3_PUTSYS(M),COSTRATE3_PUTSYS(MBUS),COSTRATE3_PUTSYS(R),COSTRATE3_PUTSYS(RAE),COSTRATE3_PUTSYS(RE),COSTRATE3_PUTSYS(S),COSTRATE3_PUTSYS(T),COSTRATE3_PUTSYS(TM),HBEFA_ROADTYPE,VMAX_PRTSYS(AUTO_C),VMAX_PRTSYS(CA1_C),VMAX_PRTSYS(CA2_C),VMAX_PRTSYS(CA_BD),VMAX_PRTSYS(CU_BD),VMAX_PRTSYS(CU_C),VDEF_PUTSYS(AC),VDEF_PUTSYS(AL),VDEF_PUTSYS(C),VDEF_PUTSYS(EX),VDEF_PUTSYS(M),VDEF_PUTSYS(MBUS),VDEF_PUTSYS(R),VDEF_PUTSYS(RAE),VDEF_PUTSYS(RE),VDEF_PUTSYS(S),VDEF_PUTSYS(T),VDEF_PUTSYS(TM),VDEF_PUTSYS(W),SBAUSEONLYOUTERMOSTLANE(AUTO_C),SBAUSEONLYOUTERMOSTLANE(CA1_C),SBAUSEONLYOUTERMOSTLANE(CA2_C),SBAUSEONLYOUTERMOSTLANE(CA_BD),SBAUSEONLYOUTERMOSTLANE(CU_BD),SBAUSEONLYOUTERMOSTLANE(CU_C),RLS19_ROADTYPE
0,0,,0,1,"AC,Al,Auto_C,C,Ca1_C,Ca2_C,Ca_BD,Cu_BD,Cu_C,Ex,M,MBUS,R,RAE,RE,S,T,TM,W",1,99999,50km/h,0km/h,0.00,0.00,0.00,0.00,0.00,0.00,0.00,0.00,0.00,0.00,0.00,0.00,0.00,0.00,0.00,0.00,0.00,0.00,0.00,0.00,0.00,0.00,0.00,0.00,0.00,0.00,0.00,0.00,0.00,0.00,0.00,0.00,0.00,0.00,0.00,0.00,Access-Residential,200km/h,200km/h,200km/h,200km/h,200km/h,200km/h,60km/h,50km/h,60km/h,50km/h,50km/h,50km/h,50km/h,70km/h,70km/h,80km/h,60km/h,50km/h,4km/h,0,0,0,0,0,0,Federal motorway
1,0,,0,10,"AC,Al,Auto_C,C,Ca1_C,Ca2_C,Ca_BD,Cu_BD,Cu_C,Ex,M,MBUS,R,RAE,RE,S,T,TM,W",1,99999,50km/h,0km/h,0.00,0.00,0.00,0.00,0.00,0.00,0.00,0.00,0.00,0.00,0.00,0.00,0.00,0.00,0.00,0.00,0.00,0.00,0.00,0.00,0.00,0.00,0.00,0.00,0.00,0.00,0.00,0.00,0.00,0.00,0.00,0.00,0.00,0.00,0.00,0.00,Access-Residential,200km/h,200km/h,200km/h,200km/h,200km/h,200km/h,60km/h,50km/h,60km/h,50km/h,50km/h,50km/h,50km/h,70km/h,70km/h,80km/h,60km/h,50km/h,4km/h,0,0,0,0,0,0,Federal motorway
2,0,,0,1,"AC,Al,Auto_C,C,Ca1_C,Ca2_C,Ca_BD,Cu_BD,Cu_C,Ex,M,MBUS,R,RAE,RE,S,T,TM,W",1,99999,50km/h,0km/h,0.00,0.00,0.00,0.00,0.00,0.00,0.00,0.00,0.00,0.00,0.00,0.00,0.00,0.00,0.00,0.00,0.00,0.00,0.00,0.00,0.00,0.00,0.00,0.00,0.00,0.00,0.00,0.00,0.00,0.00,0.00,0.00,0.00,0.00,0.00,0.00,Access-Residential,200km/h,200km/h,200km/h,200km/h,200km/h,200km/h,60km/h,50km/h,60km/h,50km/h,50km/h,50km/h,50km/h,70km/h,70km/h,80km/h,60km/h,50km/h,4km/h,0,0,0,0,0,0,Federal motorway
3,0,,0,1,"AC,Al,Auto_C,C,Ca1_C,Ca2_C,Ca_BD,Cu_BD,Cu_C,Ex,M,MBUS,R,RAE,RE,S,T,TM,W",1,99999,50km/h,0km/h,0.00,0.00,0.00,0.00,0.00,0.00,0.00,0.00,0.00,0.00,0.00,0.00,0.00,0.00,0.00,0.00,0.00,0.00,0.00,0.00,0.00,0.00,0.00,0.00,0.00,0.00,0.00,0.00,0.00,0.00,0.00,0.00,0.00,0.00,0.00,0.00,Access-Residential,200km/h,200km/h,200km/h,200km/h,200km/h,200km/h,60km/h,50km/h,60km/h,50km/h,50km/h,50km/h,50km/h,70km/h,70km/h,80km/h,60km/h,50km/h,4km/h,0,0,0,0,0,0,Federal motorway
4,0,,0,1,"AC,Al,Auto_C,C,Ca1_C,Ca2_C,Ca_BD,Cu_BD,Cu_C,Ex,M,MBUS,R,RAE,RE,S,T,TM,W",1,99999,50km/h,0km/h,0.00,0.00,0.00,0.00,0.00,0.00,0.00,0.00,0.00,0.00,0.00,0.00,0.00,0.00,0.00,0.00,0.00,0.00,0.00,0.00,0.00,0.00,0.00,0.00,0.00,0.00,0.00,0.00,0.00,0.00,0.00,0.00,0.00,0.00,0.00,0.00,Access-Residential,200km/h,200km/h,200km/h,200km/h,200km/h,200km/h,60km/h,50km/h,60km/h,50km/h,50km/h,50km/h,50km/h,70km/h,70km/h,80km/h,60km/h,50km/h,4km/h,0,0,0,0,0,0,Federal motorway
5,0,,0,1,"AC,Al,Auto_C,C,Ca1_C,Ca2_C,Ca_BD,Cu_BD,Cu_C,Ex,M,MBUS,R,RAE,RE,S,T,TM,W",1,99999,50km/h,0km/h,0.00,0.00,0.00,0.00,0.00,0.00,0.00,0.00,0.00,0.00,0.00,0.00,0.00,0.00,0.00,0.00,0.00,0.00,0.00,0.00,0.00,0.00,0.00,0.00,0.00,0.00,0.00,0.00,0.00,0.00,0.00,0.00,0.00,0.00,0.00,0.00,Access-Residential,200km/h,200km/h,200km/h,200km/h,200km/h,200km/h,60km/h,50km/h,60km/h,50km/h,50km/h,50km/h,50km/h,70km/h,70km/h,80km/h,60km/h,50km/h,4km/h,0,0,0,0,0,0,Federal motorway
6,0,,0,1,"AC,Al,Auto_C,C,Ca1_C,Ca2_C,Ca_BD,Cu_BD,Cu_C,Ex,M,MBUS,R,RAE,RE,S,T,TM,W",1,99999,50km/h,0km/h,0.00,0.00,0.00,0.00,0.00,0.00,0.00,0.00,0.00,0.00,0.00,0.00,0.00,0.00,0.00,0.00,0.00,0.00,0.00,0.00,0.00,0.00,0.00,0.00,0.00,0.00,0.00,0.00,0.00,0.00,0.00,0.00,0.00,0.00,0.00,0.00,Access-Residential,200km/h,200km/h,200km/h,200km/h,200km/h,200km/h,60km/h,50km/h,60km/h,50km/h,50km/h,50km/h,50km/h,70km/h,70km/h,80km/h,60km/h,50km/h,4km/h,0,0,0,0,0,0,Federal motorway
7,0,,0,1,"AC,Al,Auto_C,C,Ca1_C,Ca2_C,Ca_BD,Cu_BD,Cu_C,Ex,M,MBUS,R,RAE,RE,S,T,TM,W",1,99999,50km/h,0km/h,0.00,0.00,0.00,0.00,0.00,0.00,0.00,0.00,0.00,0.00,0.00,0.00,0.00,0.00,0.00,0.00,0.00,0.00,0.00,0.00,0.00,0.00,0.00,0.00,0.00,0.00,0.00,0.00,0.00,0.00,0.00,0.00,0.00,0.00,0.00,0.00,Access-Residential,200km/h,200km/h,200km/h,200km/h,200km/h,200km/h,60km/h,50km/h,60km/h,50km/h,50km/h,50km/h,50km/h,70km/h,70km/h,80km/h,60km/h,50km/h,4km/h,0,0,0,0,0,0,Federal motorway
8,0,,0,1,"AC,Al,Auto_C,C,Ca1_C,Ca2_C,Ca_BD,Cu_BD,Cu_C,Ex,M,MBUS,R,RAE,RE,S,T,TM,W",1,99999,50km/h,0km/h,0.00,0.00,0.00,0.00,0.00,0.00,0.00,0.00,0.00,0.00,0.00,0.00,0.00,0.00,0.00,0.00,0.00,0.00,0.00,0.00,0.00,0.00,0.00,0.00,0.00,0.00,0.00,0.00,0.00,0.00,0.00,0.00,0.00,0.00,0.00,0.00,Access-Residential,200km/h,200km/h,200km/h,200km/h,200km/h,200km/h,60km/h,50km/h,60km/h,50km/h,50km/h,50km/h,50km/h,70km/h,70km/h,80km/h,60km/h,50km/h,4km/h,0,0,0,0,0,0,Federal motorway
9,0,,0,1,"AC,Al,Auto_C,C,Ca1_C,Ca2_C,Ca_BD,Cu_BD,Cu_C,Ex,M,MBUS,R,RAE,RE,S,T,TM,W",1,99999,50km/h,0km/h,0.00,0.00,0.00,0.00,0.00,0.00,0.00,0.00,0.00,0.00,0.00,0.00,0.00,0.00,0.00,0.00,0.00,0.00,0.00,0.00,0.00,0.00,0.00,0.00,0.00,0.00,0.00,0.00,0.00,0.00,0.00,0.00,0.00,0.00,0.00,0.00,Access-Residential,200km/h,200km/h,200km/h,200km/h,200km/h,200km/h,60km/h,50km/h,60km/h,50km/h,50km/h,50km/h,50km/h,70km/h,70km/h,80km/h,60km/h,50km/h,4km/h,0,0,0,0,0,0,Federal motorway
10,1,,0,2,"AC,Al,Auto_C,C,Ca1_C,Ca2_C,Ca_BD,Cu_BD,Cu_C,Ex,M,MBUS,R,RAE,RE,S,T,TM,W",1,99999,50km/h,0km/h,0.00,0.00,0.00,0.00,0.00,0.00,0.00,0.00,0.00,0.00,0.00,0.00,0.00,0.00,0.00,0.00,0.00,0.00,0.00,0.00,0.00,0.00,0.00,0.00,0.00,0.00,0.00,0.00,0.00,0.00,0.00,0.00,0.00,0.00,0.00,0.00,Access-Residential,200km/h,200km/h,200km/h,200km/h,200km/h,200km/h,60km/h,50km/h,60km/h,50km/h,50km/h,50km/h,50km/h,70km/h,70km/h,80km/h,60km/h,50km/h,4km/h,0,0,0,0,0,0,Federal motorway
11,1,,0,2,"AC,Al,Auto_C,C,Ca1_C,Ca2_C,Ca_BD,Cu_BD,Cu_C,Ex,M,MBUS,R,RAE,RE,S,T,TM,W",1,99999,50km/h,0km/h,0.00,0.00,0.00,0.00,0.00,0.00,0.00,0.00,0.00,0.00,0.00,0.00,0.00,0.00,0.00,0.00,0.00,0.00,0.00,0.00,0.00,0.00,0.00,0.00,0.00,0.00,0.00,0.00,0.00,0.00,0.00,0.00,0.00,0.00,0.00,0.00,Access-Residential,200km/h,200km/h,200km/h,200km/h,200km/h,200km/h,60km/h,50km/h,60km/h,50km/h,50km/h,50km/h,50km/h,70km/h,70km/h,80km/h,60km/h,50km/h,4km/h,0,0,0,0,0,0,Federal motorway
12,1,,0,2,"AC,Al,Auto_C,C,Ca1_C,Ca2_C,Ca_BD,Cu_BD,Cu_C,Ex,M,MBUS,R,RAE,RE,S,T,TM,W",1,99999,50km/h,0km/h,0.00,0.00,0.00,0.00,0.00,0.00,0.00,0.00,0.00,0.00,0.00,0.00,0.00,0.00,0.00,0.00,0.00,0.00,0.00,0.00,0.00,0.00,0.00,0.00,0.00,0.00,0.00,0.00,0.00,0.00,0.00,0.00,0.00,0.00,0.00,0.00,Access-Residential,200km/h,200km/h,200km/h,200km/h,200km/h,200km/h,60km/h,50km/h,60km/h,50km/h,50km/h,50km/h,50km/h,70km/h,70km/h,80km/h,60km/h,50km/h,4km/h,0,0,0,0,0,0,Federal motorway
13,1,,0,1,"AC,Al,Auto_C,C,Ca1_C,Ca2_C,Ca_BD,Cu_BD,Cu_C,Ex,M,MBUS,R,RAE,RE,S,T,TM,W",1,99999,50km/h,0km/h,0.00,0.00,0.00,0.00,0.00,0.00,0.00,0.00,0.00,0.00,0.00,0.00,0.00,0.00,0.00,0.00,0.00,0.00,0.00,0.00,0.00,0.00,0.00,0.00,0.00,0.00,0.00,0.00,0.00,0.00,0.00,0.00,0.00,0.00,0.00,0.00,Access-Residential,200km/h,200km/h,200km/h,200km/h,200km/h,200km/h,60km/h,50km/h,60km/h,50km/h,50km/h,50km/h,50km/h,70km/h,70km/h,80km/h,60km/h,50km/h,4km/h,0,0,0,0,0,0,Federal motorway
14,1,,0,2,"AC,Al,Auto_C,C,Ca1_C,Ca2_C,Ca_BD,Cu_BD,Cu_C,Ex,M,MBUS,R,RAE,RE,S,T,TM,W",1,99999,50km/h,0km/h,0.00,0.00,0.00,0.00,0.00,0.00,0.00,0.00,0.00,0.00,0.00,0.00,0.00,0.00,0.00,0.00,0.00,0.00,0.00,0.00,0.00,0.00,0.00,0.00,0.00,0.00,0.00,0.00,0.00,0.00,0.00,0.00,0.00,0.00,0.00,0.00,Access-Residential,200km/h,200km/h,200km/h,200km/h,200km/h,200km/h,60km/h,50km/h,60km/h,50km/h,50km/h,50km/h,50km/h,70km/h,70km/h,80km/h,60km/h,50km/h,4km/h,0,0,0,0,0,0,Federal motorway
15,1,,0,2,"AC,Al,Auto_C,C,Ca1_C,Ca2_C,Ca_BD,Cu_BD,Cu_C,Ex,M,MBUS,R,RAE,RE,S,T,TM,W",1,99999,50km/h,0km/h,0.00,0.00,0.00,0.00,0.00,0.00,0.00,0.00,0.00,0.00,0.00,0.00,0.00,0.00,0.00,0.00,0.00,0.00,0.00,0.00,0.00,0.00,0.00,0.00,0.00,0.00,0.00,0.00,0.00,0.00,0.00,0.00,0.00,0.00,0.00,0.00,Access-Residential,200km/h,200km/h,200km/h,200km/h,200km/h,200km/h,60km/h,50km/h,60km/h,50km/h,50km/h,50km/h,50km/h,70km/h,70km/h,80km/h,60km/h,50km/h,4km/h,0,0,0,0,0,0,Federal motorway
16,1,,0,2,"AC,Al,Auto_C,C,Ca1_C,Ca2_C,Ca_BD,Cu_BD,Cu_C,Ex,M,MBUS,R,RAE,RE,S,T,TM,W",1,99999,50km/h,0km/h,0.00,0.00,0.00,0.00,0.00,0.00,0.00,0.00,0.00,0.00,0.00,0.00,0.00,0.00,0.00,0.00,0.00,0.00,0.00,0.00,0.00,0.00,0.00,0.00,0.00,0.00,0.00,0.00,0.00,0.00,0.00,0.00,0.00,0.00,0.00,0.00,Access-Residential,200km/h,200km/h,200km/h,200km/h,200km/h,200km/h,60km/h,50km/h,60km/h,50km/h,50km/h,50km/h,50km/h,70km/h,70km/h,80km/h,60km/h,50km/h,4km/h,0,0,0,0,0,0,Federal motorway
17,1,,0,2,"AC,Al,Auto_C,C,Ca1_C,Ca2_C,Ca_BD,Cu_BD,Cu_C,Ex,M,MBUS,R,RAE,RE,S,T,TM,W",1,99999,50km/h,0km/h,0.00,0.00,0.00,0.00,0.00,0.00,0.00,0.00,0.00,0.00,0.00,0.00,0.00,0.00,0.00,0.00,0.00,0.00,0.00,0.00,0.00,0.00,0.00,0.00,0.00,0.00,0.00,0.00,0.00,0.00,0.00,0.00,0.00,0.00,0.00,0.00,Access-Residential,200km/h,200km/h,200km/h,200km/h,200km/h,200km/h,60km/h,50km/h,60km/h,50km/h,50km/h,50km/h,50km/h,70km/h,70km/h,80km/h,60km/h,50km/h,4km/h,0,0,0,0,0,0,Federal motorway
18,1,,0,2,"AC,Al,Auto_C,C,Ca1_C,Ca2_C,Ca_BD,Cu_BD,Cu_C,Ex,M,MBUS,R,RAE,RE,S,T,TM,W",1,99999,50km/h,0km/h,0.00,0.00,0.00,0.00,0.00,0.00,0.00,0.00,0.00,0.00,0.00,0.00,0.00,0.00,0.00,0.00,0.00,0.00,0.00,0.00,0.00,0.00,0.00,0.00,0.00,0.00,0.00,0.00,0.00,0.00,0.00,0.00,0.00,0.00,0.00,0.00,Access-Residential,200km/h,200km/h,200km/h,200km/h,200km/h,200km/h,60km/h,50km/h,60km/h,50km/h,50km/h,50km/h,50km/h,70km/h,70km/h,80km/h,60km/h,50km/h,4km/h,0,0,0,0,0,0,Federal motorway
19,1,,0,2,"AC,Al,Auto_C,C,Ca1_C,Ca2_C,Ca_BD,Cu_BD,Cu_C,Ex,M,MBUS,R,RAE,RE,S,T,TM,W",1,99999,50km/h,0km/h,0.00,0.00,0.00,0.00,0.00,0.00,0.00,0.00,0.00,0.00,0.00,0.00,0.00,0.00,0.00,0.00,0.00,0.00,0.00,0.00,0.00,0.00,0.00,0.00,0.00,0.00,0.00,0.00,0.00,0.00,0.00,0.00,0.00,0.00,0.00,0.00,Access-Residential,200km/h,200km/h,200km/h,200km/h,200km/h,200km/h,60km/h,50km/h,60km/h,50km/h,50km/h,50km/h,50km/h,70km/h,70km/h,80km/h,60km/h,50km/h,4km/h,0,0,0,0,0,0,Federal motorway
20,2,,0,3,"AC,Al,Auto_C,C,Ca1_C,Ca2_C,Ca_BD,Cu_BD,Cu_C,Ex,M,MBUS,R,RAE,RE,S,T,TM,W",1,99999,50km/h,0km/h,0.00,0.00,0.00,0.00,0.00,0.00,0.00,0.00,0.00,0.00,0.00,0.00,0.00,0.00,0.00,0.00,0.00,0.00,0.00,0.00,0.00,0.00,0.00,0.00,0.00,0.00,0.00,0.00,0.00,0.00,0.00,0.00,0.00,0.00,0.00,0.00,Access-Residential,200km/h,200km/h,200km/h,200km/h,200km/h,200km/h,60km/h,50km/h,60km/h,50km/h,50km/h,50km/h,50km/h,70km/h,70km/h,80km/h,60km/h,50km/h,4km/h,0,0,0,0,0,0,Federal motorway
21,2,,0,3,"AC,Al,Auto_C,C,Ca1_C,Ca2_C,Ca_BD,Cu_BD,Cu_C,Ex,M,MBUS,R,RAE,RE,S,T,TM,W",1,99999,50km/h,0km/h,0.00,0.00,0.00,0.00,0.00,0.00,0.00,0.00,0.00,0.00,0.00,0.00,0.00,0.00,0.00,0.00,0.00,0.00,0.00,0.00,0.00,0.00,0.00,0.00,0.00,0.00,0.00,0.00,0.00,0.00,0.00,0.00,0.00,0.00,0.00,0.00,Access-Residential,200km/h,200km/h,200km/h,200km/h,200km/h,200km/h,60km/h,50km/h,60km/h,50km/h,50km/h,50km/h,50km/h,70km/h,70km/h,80km/h,60km/h,50km/h,4km/h,0,0,0,0,0,0,Federal motorway
22,2,,0,3,"AC,Al,Auto_C,C,Ca1_C,Ca2_C,Ca_BD,Cu_BD,Cu_C,Ex,M,MBUS,R,RAE,RE,S,T,TM,W",1,99999,50km/h,0km/h,0.00,0.00,0.00,0.00,0.00,0.00,0.00,0.00,0.00,0.00,0.00,0.00,0.00,0.00,0.00,0.00,0.00,0.00,0.00,0.00,0.00,0.00,0.00,0.00,0.00,0.00,0.00,0.00,0.00,0.00,0.00,0.00,0.00,0.00,0.00,0.00,Access-Residential,200km/h,200km/h,200km/h,200km/h,200km/h,200km/h,60km/h,50km/h,60km/h,50km/h,50km/h,50km/h,50km/h,70km/h,70km/h,80km/h,60km/h,50km/h,4km/h,0,0,0,0,0,0,Federal motorway
23,2,,0,3,"AC,Al,Auto_C,C,Ca1_C,Ca2_C,Ca_BD,Cu_BD,Cu_C,Ex,M,MBUS,R,RAE,RE,S,T,TM,W",1,99999,50km/h,0km/h,0.00,0.00,0.00,0.00,0.00,0.00,0.00,0.00,0.00,0.00,0.00,0.00,0.00,0.00,0.00,0.00,0.00,0.00,0.00,0.00,0.00,0.00,0.00,0.00,0.00,0.00,0.00,0.00,0.00,0.00,0.00,0.00,0.00,0.00,0.00,0.00,Access-Residential,200km/h,200km/h,200km/h,200km/h,200km/h,200km/h,60km/h,50km/h,60km/h,50km/h,50km/h,50km/h,50km/h,70km/h,70km/h,80km/h,60km/h,50km/h,4km/h,0,0,0,0,0,0,Federal motorway
24,2,,0,3,"AC,Al,Auto_C,C,Ca1_C,Ca2_C,Ca_BD,Cu_BD,Cu_C,Ex,M,MBUS,R,RAE,RE,S,T,TM,W",1,99999,50km/h,0km/h,0.00,0.00,0.00,0.00,0.00,0.00,0.00,0.00,0.00,0.00,0.00,0.00,0.00,0.00,0.00,0.00,0.00,0.00,0.00,0.00,0.00,0.00,0.00,0.00,0.00,0.00,0.00,0.00,0.00,0.00,0.00,0.00,0.00,0.00,0.00,0.00,Access-Residential,200km/h,200km/h,200km/h,200km/h,200km/h,200km/h,60km/h,50km/h,60km/h,50km/h,50km/h,50km/h,50km/h,70km/h,70km/h,80km/h,60km/h,50km/h,4km/h,0,0,0,0,0,0,Federal motorway
25,2,,0,3,"AC,Al,Auto_C,C,Ca1_C,Ca2_C,Ca_BD,Cu_BD,Cu_C,Ex,M,MBUS,R,RAE,RE,S,T,TM,W",1,99999,50km/h,0km/h,0.00,0.00,0.00,0.00,0.00,0.00,0.00,0.00,0.00,0.00,0.00,0.00,0.00,0.00,0.00,0.00,0.00,0.00,0.00,0.00,0.00,0.00,0.00,0.00,0.00,0.00,0.00,0.00,0.00,0.00,0.00,0.00,0.00,0.00,0.00,0.00,Access-Residential,200km/h,200km/h,200km/h,200km/h,200km/h,200km/h,60km/h,50km/h,60km/h,50km/h,50km/h,50km/h,50km/h,70km/h,70km/h,80km/h,60km/h,50km/h,4km/h,0,0,0,0,0,0,Federal motorway
26,2,,0,3,"AC,Al,Auto_C,C,Ca1_C,Ca2_C,Ca_BD,Cu_BD,Cu_C,Ex,M,MBUS,R,RAE,RE,S,T,TM,W",1,99999,50km/h,0km/h,0.00,0.00,0.00,0.00,0.00,0.00,0.00,0.00,0.00,0.00,0.00,0.00,0.00,0.00,0.00,0.00,0.00,0.00,0.00,0.00,0.00,0.00,0.00,0.00,0.00,0.00,0.00,0.00,0.00,0.00,0.00,0.00,0.00,0.00,0.00,0.00,Access-Residential,200km/h,200km/h,200km/h,200km/h,200km/h,200km/h,60km/h,50km/h,60km/h,50km/h,50km/h,50km/h,50km/h,70km/h,70km/h,80km/h,60km/h,50km/h,4km/h,0,0,0,0,0,0,Federal motorway
27,2,,0,3,"AC,Al,Auto_C,C,Ca1_C,Ca2_C,Ca_BD,Cu_BD,Cu_C,Ex,M,MBUS,R,RAE,RE,S,T,TM,W",1,99999,50km/h,0km/h,0.00,0.00,0.00,0.00,0.00,0.00,0.00,0.00,0.00,0.00,0.00,0.00,0.00,0.00,0.00,0.00,0.00,0.00,0.00,0.00,0.00,0.00,0.00,0.00,0.00,0.00,0.00,0.00,0.00,0.00,0.00,0.00,0.00,0.00,0.00,0.00,Access-Residential,200km/h,200km/h,200km/h,200km/h,200km/h,200km/h,60km/h,50km/h,60km/h,50km/h,50km/h,50km/h,50km/h,70km/h,70km/h,80km/h,60km/h,50km/h,4km/h,0,0,0,0,0,0,Federal motorway
28,2,,0,3,"AC,Al,Auto_C,C,Ca1_C,Ca2_C,Ca_BD,Cu_BD,Cu_C,Ex,M,MBUS,R,RAE,RE,S,T,TM,W",1,99999,50km/h,0km/h,0.00,0.00,0.00,0.00,0.00,0.00,0.00,0.00,0.00,0.00,0.00,0.00,0.00,0.00,0.00,0.00,0.00,0.00,0.00,0.00,0.00,0.00,0.00,0.00,0.00,0.00,0.00,0.00,0.00,0.00,0.00,0.00,0.00,0.00,0.00,0.00,Access-Residential,200km/h,200km/h,200km/h,200km/h,200km/h,200km/h,60km/h,50km/h,60km/h,50km/h,50km/h,50km/h,50km/h,70km/h,70km/h,80km/h,60km/h,50km/h,4km/h,0,0,0,0,0,0,Federal motorway
29,2,,0,3,"AC,Al,Auto_C,C,Ca1_C,Ca2_C,Ca_BD,Cu_BD,Cu_C,Ex,M,MBUS,R,RAE,RE,S,T,TM,W",1,99999,50km/h,0km/h,0.00,0.00,0.00,0.00,0.00,0.00,0.00,0.00,0.00,0.00,0.00,0.00,0.00,0.00,0.00,0.00,0.00,0.00,0.00,0.00,0.00,0.00,0.00,0.00,0.00,0.00,0.00,0.00,0.00,0.00,0.00,0.00,0.00,0.00,0.00,0.00,Access-Residential,200km/h,200km/h,200km/h,200km/h,200km/h,200km/h,60km/h,50km/h,60km/h,50km/h,50km/h,50km/h,50km/h,70km/h,70km/h,80km/h,60km/h,50km/h,4km/h,0,0,0,0,0,0,Federal motorway
30,3,,0,4,"AC,Al,Auto_C,C,Ca1_C,Ca2_C,Ca_BD,Cu_BD,Cu_C,Ex,M,MBUS,R,RAE,RE,S,T,TM,W",1,99999,50km/h,0km/h,0.00,0.00,0.00,0.00,0.00,0.00,0.00,0.00,0.00,0.00,0.00,0.00,0.00,0.00,0.00,0.00,0.00,0.00,0.00,0.00,0.00,0.00,0.00,0.00,0.00,0.00,0.00,0.00,0.00,0.00,0.00,0.00,0.00,0.00,0.00,0.00,Access-Residential,200km/h,200km/h,200km/h,200km/h,200km/h,200km/h,60km/h,50km/h,60km/h,50km/h,50km/h,50km/h,50km/h,70km/h,70km/h,80km/h,60km/h,50km/h,4km/h,0,0,0,0,0,0,Federal motorway
31,3,,0,4,"AC,Al,Auto_C,C,Ca1_C,Ca2_C,Ca_BD,Cu_BD,Cu_C,Ex,M,MBUS,R,RAE,RE,S,T,TM,W",1,99999,50km/h,0km/h,0.00,0.00,0.00,0.00,0.00,0.00,0.00,0.00,0.00,0.00,0.00,0.00,0.00,0.00,0.00,0.00,0.00,0.00,0.00,0.00,0.00,0.00,0.00,0.00,0.00,0.00,0.00,0.00,0.00,0.00,0.00,0.00,0.00,0.00,0.00,0.00,Access-Residential,200km/h,200km/h,200km/h,200km/h,200km/h,200km/h,60km/h,50km/h,60km/h,50km/h,50km/h,50km/h,50km/h,70km/h,70km/h,80km/h,60km/h,50km/h,4km/h,0,0,0,0,0,0,Federal motorway
32,3,,0,1,"AC,Al,Auto_C,C,Ca1_C,Ca2_C,Ca_BD,Cu_BD,Cu_C,Ex,M,MBUS,R,RAE,RE,S,T,TM,W",1,99999,50km/h,0km/h,0.00,0.00,0.00,0.00,0.00,0.00,0.00,0.00,0.00,0.00,0.00,0.00,0.00,0.00,0.00,0.00,0.00,0.00,0.00,0.00,0.00,0.00,0.00,0.00,0.00,0.00,0.00,0.00,0.00,0.00,0.00,0.00,0.00,0.00,0.00,0.00,Access-Residential,200km/h,200km/h,200km/h,200km/h,200km/h,200km/h,60km/h,50km/h,60km/h,50km/h,50km/h,50km/h,50km/h,70km/h,70km/h,80km/h,60km/h,50km/h,4km/h,0,0,0,0,0,0,Federal motorway
33,3,,0,1,"AC,Al,Auto_C,C,Ca1_C,Ca2_C,Ca_BD,Cu_BD,Cu_C,Ex,M,MBUS,R,RAE,RE,S,T,TM,W",1,99999,50km/h,0km/h,0.00,0.00,0.00,0.00,0.00,0.00,0.00,0.00,0.00,0.00,0.00,0.00,0.00,0.00,0.00,0.00,0.00,0.00,0.00,0.00,0.00,0.00,0.00,0.00,0.00,0.00,0.00,0.00,0.00,0.00,0.00,0.00,0.00,0.00,0.00,0.00,Access-Residential,200km/h,200km/h,200km/h,200km/h,200km/h,200km/h,60km/h,50km/h,60km/h,50km/h,50km/h,50km/h,50km/h,70km/h,70km/h,80km/h,60km/h,50km/h,4km/h,0,0,0,0,0,0,Federal motorway
34,3,,0,4,"AC,Al,Auto_C,C,Ca1_C,Ca2_C,Ca_BD,Cu_BD,Cu_C,Ex,M,MBUS,R,RAE,RE,S,T,TM,W",1,99999,50km/h,0km/h,0.00,0.00,0.00,0.00,0.00,0.00,0.00,0.00,0.00,0.00,0.00,0.00,0.00,0.00,0.00,0.00,0.00,0.00,0.00,0.00,0.00,0.00,0.00,0.00,0.00,0.00,0.00,0.00,0.00,0.00,0.00,0.00,0.00,0.00,0.00,0.00,Access-Residential,200km/h,200km/h,200km/h,200km/h,200km/h,200km/h,60km/h,50km/h,60km/h,50km/h,50km/h,50km/h,50km/h,70km/h,70km/h,80km/h,60km/h,50km/h,4km/h,0,0,0,0,0,0,Federal motorway
35,3,,0,4,"AC,Al,Auto_C,C,Ca1_C,Ca2_C,Ca_BD,Cu_BD,Cu_C,Ex,M,MBUS,R,RAE,RE,S,T,TM,W",1,99999,50km/h,0km/h,0.00,0.00,0.00,0.00,0.00,0.00,0.00,0.00,0.00,0.00,0.00,0.00,0.00,0.00,0.00,0.00,0.00,0.00,0.00,0.00,0.00,0.00,0.00,0.00,0.00,0.00,0.00,0.00,0.00,0.00,0.00,0.00,0.00,0.00,0.00,0.00,Access-Residential,200km/h,200km/h,200km/h,200km/h,200km/h,200km/h,60km/h,50km/h,60km/h,50km/h,50km/h,50km/h,50km/h,70km/h,70km/h,80km/h,60km/h,50km/h,4km/h,0,0,0,0,0,0,Federal motorway
36,3,,0,4,"AC,Al,Auto_C,C,Ca1_C,Ca2_C,Ca_BD,Cu_BD,Cu_C,Ex,M,MBUS,R,RAE,RE,S,T,TM,W",1,99999,50km/h,0km/h,0.00,0.00,0.00,0.00,0.00,0.00,0.00,0.00,0.00,0.00,0.00,0.00,0.00,0.00,0.00,0.00,0.00,0.00,0.00,0.00,0.00,0.00,0.00,0.00,0.00,0.00,0.00,0.00,0.00,0.00,0.00,0.00,0.00,0.00,0.00,0.00,Access-Residential,200km/h,200km/h,200km/h,200km/h,200km/h,200km/h,60km/h,50km/h,60km/h,50km/h,50km/h,50km/h,50km/h,70km/h,70km/h,80km/h,60km/h,50km/h,4km/h,0,0,0,0,0,0,Federal motorway
37,3,,0,4,"AC,Al,Auto_C,C,Ca1_C,Ca2_C,Ca_BD,Cu_BD,Cu_C,Ex,M,MBUS,R,RAE,RE,S,T,TM,W",1,99999,50km/h,0km/h,0.00,0.00,0.00,0.00,0.00,0.00,0.00,0.00,0.00,0.00,0.00,0.00,0.00,0.00,0.00,0.00,0.00,0.00,0.00,0.00,0.00,0.00,0.00,0.00,0.00,0.00,0.00,0.00,0.00,0.00,0.00,0.00,0.00,0.00,0.00,0.00,Access-Residential,200km/h,200km/h,200km/h,200km/h,200km/h,200km/h,60km/h,50km/h,60km/h,50km/h,50km/h,50km/h,50km/h,70km/h,70km/h,80km/h,60km/h,50km/h,4km/h,0,0,0,0,0,0,Federal motorway
38,3,,0,4,"AC,Al,Auto_C,C,Ca1_C,Ca2_C,Ca_BD,Cu_BD,Cu_C,Ex,M,MBUS,R,RAE,RE,S,T,TM,W",1,99999,50km/h,0km/h,0.00,0.00,0.00,0.00,0.00,0.00,0.00,0.00,0.00,0.00,0.00,0.00,0.00,0.00,0.00,0.00,0.00,0.00,0.00,0.00,0.00,0.00,0.00,0.00,0.00,0.00,0.00,0.00,0.00,0.00,0.00,0.00,0.00,0.00,0.00,0.00,Access-Residential,200km/h,200km/h,200km/h,200km/h,200km/h,200km/h,60km/h,50km/h,60km/h,50km/h,50km/h,50km/h,50km/h,70km/h,70km/h,80km/h,60km/h,50km/h,4km/h,0,0,0,0,0,0,Federal motorway
39,3,,0,4,"AC,Al,Auto_C,C,Ca1_C,Ca2_C,Ca_BD,Cu_BD,Cu_C,Ex,M,MBUS,R,RAE,RE,S,T,TM,W",1,99999,50km/h,0km/h,0.00,0.00,0.00,0.00,0.00,0.00,0.00,0.00,0.00,0.00,0.00,0.00,0.00,0.00,0.00,0.00,0.00,0.00,0.00,0.00,0.00,0.00,0.00,0.00,0.00,0.00,0.00,0.00,0.00,0.00,0.00,0.00,0.00,0.00,0.00,0.00,Access-Residential,200km/h,200km/h,200km/h,200km/h,200km/h,200km/h,60km/h,50km/h,60km/h,50km/h,50km/h,50km/h,50km/h,70km/h,70km/h,80km/h,60km/h,50km/h,4km/h,0,0,0,0,0,0,Federal motorway
40,4,,0,5,"AC,Al,Auto_C,C,Ca1_C,Ca2_C,Ca_BD,Cu_BD,Cu_C,Ex,M,MBUS,R,RAE,RE,S,T,TM,W",1,99999,50km/h,0km/h,0.00,0.00,0.00,0.00,0.00,0.00,0.00,0.00,0.00,0.00,0.00,0.00,0.00,0.00,0.00,0.00,0.00,0.00,0.00,0.00,0.00,0.00,0.00,0.00,0.00,0.00,0.00,0.00,0.00,0.00,0.00,0.00,0.00,0.00,0.00,0.00,Access-Residential,200km/h,200km/h,200km/h,200km/h,200km/h,200km/h,60km/h,50km/h,60km/h,50km/h,50km/h,50km/h,50km/h,70km/h,70km/h,80km/h,60km/h,50km/h,4km/h,0,0,0,0,0,0,Federal motorway
41,4,,0,5,"AC,Al,Auto_C,C,Ca1_C,Ca2_C,Ca_BD,Cu_BD,Cu_C,Ex,M,MBUS,R,RAE,RE,S,T,TM,W",1,99999,50km/h,0km/h,0.00,0.00,0.00,0.00,0.00,0.00,0.00,0.00,0.00,0.00,0.00,0.00,0.00,0.00,0.00,0.00,0.00,0.00,0.00,0.00,0.00,0.00,0.00,0.00,0.00,0.00,0.00,0.00,0.00,0.00,0.00,0.00,0.00,0.00,0.00,0.00,Access-Residential,200km/h,200km/h,200km/h,200km/h,200km/h,200km/h,60km/h,50km/h,60km/h,50km/h,50km/h,50km/h,50km/h,70km/h,70km/h,80km/h,60km/h,50km/h,4km/h,0,0,0,0,0,0,Federal motorway
42,4,,0,5,"AC,Al,Auto_C,C,Ca1_C,Ca2_C,Ca_BD,Cu_BD,Cu_C,Ex,M,MBUS,R,RAE,RE,S,T,TM,W",1,99999,50km/h,0km/h,0.00,0.00,0.00,0.00,0.00,0.00,0.00,0.00,0.00,0.00,0.00,0.00,0.00,0.00,0.00,0.00,0.00,0.00,0.00,0.00,0.00,0.00,0.00,0.00,0.00,0.00,0.00,0.00,0.00,0.00,0.00,0.00,0.00,0.00,0.00,0.00,Access-Residential,200km/h,200km/h,200km/h,200km/h,200km/h,200km/h,60km/h,50km/h,60km/h,50km/h,50km/h,50km/h,50km/h,70km/h,70km/h,80km/h,60km/h,50km/h,4km/h,0,0,0,0,0,0,Federal motorway
43,4,,0,5,"AC,Al,Auto_C,C,Ca1_C,Ca2_C,Ca_BD,Cu_BD,Cu_C,Ex,M,MBUS,R,RAE,RE,S,T,TM,W",1,99999,50km/h,0km/h,0.00,0.00,0.00,0.00,0.00,0.00,0.00,0.00,0.00,0.00,0.00,0.00,0.00,0.00,0.00,0.00,0.00,0.00,0.00,0.00,0.00,0.00,0.00,0.00,0.00,0.00,0.00,0.00,0.00,0.00,0.00,0.00,0.00,0.00,0.00,0.00,Access-Residential,200km/h,200km/h,200km/h,200km/h,200km/h,200km/h,60km/h,50km/h,60km/h,50km/h,50km/h,50km/h,50km/h,70km/h,70km/h,80km/h,60km/h,50km/h,4km/h,0,0,0,0,0,0,Federal motorway
44,4,,0,5,"AC,Al,Auto_C,C,Ca1_C,Ca2_C,Ca_BD,Cu_BD,Cu_C,Ex,M,MBUS,R,RAE,RE,S,T,TM,W",1,99999,50km/h,0km/h,0.00,0.00,0.00,0.00,0.00,0.00,0.00,0.00,0.00,0.00,0.00,0.00,0.00,0.00,0.00,0.00,0.00,0.00,0.00,0.00,0.00,0.00,0.00,0.00,0.00,0.00,0.00,0.00,0.00,0.00,0.00,0.00,0.00,0.00,0.00,0.00,Access-Residential,200km/h,200km/h,200km/h,200km/h,200km/h,200km/h,60km/h,50km/h,60km/h,50km/h,50km/h,50km/h,50km/h,70km/h,70km/h,80km/h,60km/h,50km/h,4km/h,0,0,0,0,0,0,Federal motorway
45,4,,0,5,"AC,Al,Auto_C,C,Ca1_C,Ca2_C,Ca_BD,Cu_BD,Cu_C,Ex,M,MBUS,R,RAE,RE,S,T,TM,W",1,99999,50km/h,0km/h,0.00,0.00,0.00,0.00,0.00,0.00,0.00,0.00,0.00,0.00,0.00,0.00,0.00,0.00,0.00,0.00,0.00,0.00,0.00,0.00,0.00,0.00,0.00,0.00,0.00,0.00,0.00,0.00,0.00,0.00,0.00,0.00,0.00,0.00,0.00,0.00,Access-Residential,200km/h,200km/h,200km/h,200km/h,200km/h,200km/h,60km/h,50km/h,60km/h,50km/h,50km/h,50km/h,50km/h,70km/h,70km/h,80km/h,60km/h,50km/h,4km/h,0,0,0,0,0,0,Federal motorway
46,4,,0,5,"AC,Al,Auto_C,C,Ca1_C,Ca2_C,Ca_BD,Cu_BD,Cu_C,Ex,M,MBUS,R,RAE,RE,S,T,TM,W",1,99999,50km/h,0km/h,0.00,0.00,0.00,0.00,0.00,0.00,0.00,0.00,0.00,0.00,0.00,0.00,0.00,0.00,0.00,0.00,0.00,0.00,0.00,0.00,0.00,0.00,0.00,0.00,0.00,0.00,0.00,0.00,0.00,0.00,0.00,0.00,0.00,0.00,0.00,0.00,Access-Residential,200km/h,200km/h,200km/h,200km/h,200km/h,200km/h,60km/h,50km/h,60km/h,50km/h,50km/h,50km/h,50km/h,70km/h,70km/h,80km/h,60km/h,50km/h,4km/h,0,0,0,0,0,0,Federal motorway
47,4,,0,5,"AC,Al,Auto_C,C,Ca1_C,Ca2_C,Ca_BD,Cu_BD,Cu_C,Ex,M,MBUS,R,RAE,RE,S,T,TM,W",1,99999,50km/h,0km/h,0.00,0.00,0.00,0.00,0.00,0.00,0.00,0.00,0.00,0.00,0.00,0.00,0.00,0.00,0.00,0.00,0.00,0.00,0.00,0.00,0.00,0.00,0.00,0.00,0.00,0.00,0.00,0.00,0.00,0.00,0.00,0.00,0.00,0.00,0.00,0.00,Access-Residential,200km/h,200km/h,200km/h,200km/h,200km/h,200km/h,60km/h,50km/h,60km/h,50km/h,50km/h,50km/h,50km/h,70km/h,70km/h,80km/h,60km/h,50km/h,4km/h,0,0,0,0,0,0,Federal motorway
48,4,,0,5,"AC,Al,Auto_C,C,Ca1_C,Ca2_C,Ca_BD,Cu_BD,Cu_C,Ex,M,MBUS,R,RAE,RE,S,T,TM,W",1,99999,50km/h,0km/h,0.00,0.00,0.00,0.00,0.00,0.00,0.00,0.00,0.00,0.00,0.00,0.00,0.00,0.00,0.00,0.00,0.00,0.00,0.00,0.00,0.00,0.00,0.00,0.00,0.00,0.00,0.00,0.00,0.00,0.00,0.00,0.00,0.00,0.00,0.00,0.00,Access-Residential,200km/h,200km/h,200km/h,200km/h,200km/h,200km/h,60km/h,50km/h,60km/h,50km/h,50km/h,50km/h,50km/h,70km/h,70km/h,80km/h,60km/h,50km/h,4km/h,0,0,0,0,0,0,Federal motorway
49,4,,0,5,"AC,Al,Auto_C,C,Ca1_C,Ca2_C,Ca_BD,Cu_BD,Cu_C,Ex,M,MBUS,R,RAE,RE,S,T,TM,W",1,99999,50km/h,0km/h,0.00,0.00,0.00,0.00,0.00,0.00,0.00,0.00,0.00,0.00,0.00,0.00,0.00,0.00,0.00,0.00,0.00,0.00,0.00,0.00,0.00,0.00,0.00,0.00,0.00,0.00,0.00,0.00,0.00,0.00,0.00,0.00,0.00,0.00,0.00,0.00,Access-Residential,200km/h,200km/h,200km/h,200km/h,200km/h,200km/h,60km/h,50km/h,60km/h,50km/h,50km/h,50km/h,50km/h,70km/h,70km/h,80km/h,60km/h,50km/h,4km/h,0,0,0,0,0,0,Federal motorway
50,5,,0,6,"AC,Al,Auto_C,C,Ca1_C,Ca2_C,Ca_BD,Cu_BD,Cu_C,Ex,M,MBUS,R,RAE,RE,S,T,TM,W",1,99999,50km/h,0km/h,0.00,0.00,0.00,0.00,0.00,0.00,0.00,0.00,0.00,0.00,0.00,0.00,0.00,0.00,0.00,0.00,0.00,0.00,0.00,0.00,0.00,0.00,0.00,0.00,0.00,0.00,0.00,0.00,0.00,0.00,0.00,0.00,0.00,0.00,0.00,0.00,Access-Residential,200km/h,200km/h,200km/h,200km/h,200km/h,200km/h,60km/h,50km/h,60km/h,50km/h,50km/h,50km/h,50km/h,70km/h,70km/h,80km/h,60km/h,50km/h,4km/h,0,0,0,0,0,0,Federal motorway
51,5,,0,6,"AC,Al,Auto_C,C,Ca1_C,Ca2_C,Ca_BD,Cu_BD,Cu_C,Ex,M,MBUS,R,RAE,RE,S,T,TM,W",1,99999,50km/h,0km/h,0.00,0.00,0.00,0.00,0.00,0.00,0.00,0.00,0.00,0.00,0.00,0.00,0.00,0.00,0.00,0.00,0.00,0.00,0.00,0.00,0.00,0.00,0.00,0.00,0.00,0.00,0.00,0.00,0.00,0.00,0.00,0.00,0.00,0.00,0.00,0.00,Access-Residential,200km/h,200km/h,200km/h,200km/h,200km/h,200km/h,60km/h,50km/h,60km/h,50km/h,50km/h,50km/h,50km/h,70km/h,70km/h,80km/h,60km/h,50km/h,4km/h,0,0,0,0,0,0,Federal motorway
52,5,,0,6,"AC,Al,Auto_C,C,Ca1_C,Ca2_C,Ca_BD,Cu_BD,Cu_C,Ex,M,MBUS,R,RAE,RE,S,T,TM,W",1,99999,50km/h,0km/h,0.00,0.00,0.00,0.00,0.00,0.00,0.00,0.00,0.00,0.00,0.00,0.00,0.00,0.00,0.00,0.00,0.00,0.00,0.00,0.00,0.00,0.00,0.00,0.00,0.00,0.00,0.00,0.00,0.00,0.00,0.00,0.00,0.00,0.00,0.00,0.00,Access-Residential,200km/h,200km/h,200km/h,200km/h,200km/h,200km/h,60km/h,50km/h,60km/h,50km/h,50km/h,50km/h,50km/h,70km/h,70km/h,80km/h,60km/h,50km/h,4km/h,0,0,0,0,0,0,Federal motorway
53,5,,0,6,"AC,Al,Auto_C,C,Ca1_C,Ca2_C,Ca_BD,Cu_BD,Cu_C,Ex,M,MBUS,R,RAE,RE,S,T,TM,W",1,99999,50km/h,0km/h,0.00,0.00,0.00,0.00,0.00,0.00,0.00,0.00,0.00,0.00,0.00,0.00,0.00,0.00,0.00,0.00,0.00,0.00,0.00,0.00,0.00,0.00,0.00,0.00,0.00,0.00,0.00,0.00,0.00,0.00,0.00,0.00,0.00,0.00,0.00,0.00,Access-Residential,200km/h,200km/h,200km/h,200km/h,200km/h,200km/h,60km/h,50km/h,60km/h,50km/h,50km/h,50km/h,50km/h,70km/h,70km/h,80km/h,60km/h,50km/h,4km/h,0,0,0,0,0,0,Federal motorway
54,5,,0,6,"AC,Al,Auto_C,C,Ca1_C,Ca2_C,Ca_BD,Cu_BD,Cu_C,Ex,M,MBUS,R,RAE,RE,S,T,TM,W",1,99999,50km/h,0km/h,0.00,0.00,0.00,0.00,0.00,0.00,0.00,0.00,0.00,0.00,0.00,0.00,0.00,0.00,0.00,0.00,0.00,0.00,0.00,0.00,0.00,0.00,0.00,0.00,0.00,0.00,0.00,0.00,0.00,0.00,0.00,0.00,0.00,0.00,0.00,0.00,Access-Residential,200km/h,200km/h,200km/h,200km/h,200km/h,200km/h,60km/h,50km/h,60km/h,50km/h,50km/h,50km/h,50km/h,70km/h,70km/h,80km/h,60km/h,50km/h,4km/h,0,0,0,0,0,0,Federal motorway
55,5,,0,6,"AC,Al,Auto_C,C,Ca1_C,Ca2_C,Ca_BD,Cu_BD,Cu_C,Ex,M,MBUS,R,RAE,RE,S,T,TM,W",1,99999,50km/h,0km/h,0.00,0.00,0.00,0.00,0.00,0.00,0.00,0.00,0.00,0.00,0.00,0.00,0.00,0.00,0.00,0.00,0.00,0.00,0.00,0.00,0.00,0.00,0.00,0.00,0.00,0.00,0.00,0.00,0.00,0.00,0.00,0.00,0.00,0.00,0.00,0.00,Access-Residential,200km/h,200km/h,200km/h,200km/h,200km/h,200km/h,60km/h,50km/h,60km/h,50km/h,50km/h,50km/h,50km/h,70km/h,70km/h,80km/h,60km/h,50km/h,4km/h,0,0,0,0,0,0,Federal motorway
56,5,,0,6,"AC,Al,Auto_C,C,Ca1_C,Ca2_C,Ca_BD,Cu_BD,Cu_C,Ex,M,MBUS,R,RAE,RE,S,T,TM,W",1,99999,50km/h,0km/h,0.00,0.00,0.00,0.00,0.00,0.00,0.00,0.00,0.00,0.00,0.00,0.00,0.00,0.00,0.00,0.00,0.00,0.00,0.00,0.00,0.00,0.00,0.00,0.00,0.00,0.00,0.00,0.00,0.00,0.00,0.00,0.00,0.00,0.00,0.00,0.00,Access-Residential,200km/h,200km/h,200km/h,200km/h,200km/h,200km/h,60km/h,50km/h,60km/h,50km/h,50km/h,50km/h,50km/h,70km/h,70km/h,80km/h,60km/h,50km/h,4km/h,0,0,0,0,0,0,Federal motorway
57,5,,0,6,"AC,Al,Auto_C,C,Ca1_C,Ca2_C,Ca_BD,Cu_BD,Cu_C,Ex,M,MBUS,R,RAE,RE,S,T,TM,W",1,99999,50km/h,0km/h,0.00,0.00,0.00,0.00,0.00,0.00,0.00,0.00,0.00,0.00,0.00,0.00,0.00,0.00,0.00,0.00,0.00,0.00,0.00,0.00,0.00,0.00,0.00,0.00,0.00,0.00,0.00,0.00,0.00,0.00,0.00,0.00,0.00,0.00,0.00,0.00,Access-Residential,200km/h,200km/h,200km/h,200km/h,200km/h,200km/h,60km/h,50km/h,60km/h,50km/h,50km/h,50km/h,50km/h,70km/h,70km/h,80km/h,60km/h,50km/h,4km/h,0,0,0,0,0,0,Federal motorway
58,5,,0,6,"AC,Al,Auto_C,C,Ca1_C,Ca2_C,Ca_BD,Cu_BD,Cu_C,Ex,M,MBUS,R,RAE,RE,S,T,TM,W",1,99999,50km/h,0km/h,0.00,0.00,0.00,0.00,0.00,0.00,0.00,0.00,0.00,0.00,0.00,0.00,0.00,0.00,0.00,0.00,0.00,0.00,0.00,0.00,0.00,0.00,0.00,0.00,0.00,0.00,0.00,0.00,0.00,0.00,0.00,0.00,0.00,0.00,0.00,0.00,Access-Residential,200km/h,200km/h,200km/h,200km/h,200km/h,200km/h,60km/h,50km/h,60km/h,50km/h,50km/h,50km/h,50km/h,70km/h,70km/h,80km/h,60km/h,50km/h,4km/h,0,0,0,0,0,0,Federal motorway
59,5,,0,6,"AC,Al,Auto_C,C,Ca1_C,Ca2_C,Ca_BD,Cu_BD,Cu_C,Ex,M,MBUS,R,RAE,RE,S,T,TM,W",1,99999,50km/h,0km/h,0.00,0.00,0.00,0.00,0.00,0.00,0.00,0.00,0.00,0.00,0.00,0.00,0.00,0.00,0.00,0.00,0.00,0.00,0.00,0.00,0.00,0.00,0.00,0.00,0.00,0.00,0.00,0.00,0.00,0.00,0.00,0.00,0.00,0.00,0.00,0.00,Access-Residential,200km/h,200km/h,200km/h,200km/h,200km/h,200km/h,60km/h,50km/h,60km/h,50km/h,50km/h,50km/h,50km/h,70km/h,70km/h,80km/h,60km/h,50km/h,4km/h,0,0,0,0,0,0,Federal motorway
60,6,,0,7,"AC,Al,Auto_C,C,Ca1_C,Ca2_C,Ca_BD,Cu_BD,Cu_C,Ex,M,MBUS,R,RAE,RE,S,T,TM,W",1,99999,50km/h,0km/h,0.00,0.00,0.00,0.00,0.00,0.00,0.00,0.00,0.00,0.00,0.00,0.00,0.00,0.00,0.00,0.00,0.00,0.00,0.00,0.00,0.00,0.00,0.00,0.00,0.00,0.00,0.00,0.00,0.00,0.00,0.00,0.00,0.00,0.00,0.00,0.00,Access-Residential,200km/h,200km/h,200km/h,200km/h,200km/h,200km/h,60km/h,50km/h,60km/h,50km/h,50km/h,50km/h,50km/h,70km/h,70km/h,80km/h,60km/h,50km/h,4km/h,0,0,0,0,0,0,Federal motorway
61,6,,0,7,"AC,Al,Auto_C,C,Ca1_C,Ca2_C,Ca_BD,Cu_BD,Cu_C,Ex,M,MBUS,R,RAE,RE,S,T,TM,W",1,99999,50km/h,0km/h,0.00,0.00,0.00,0.00,0.00,0.00,0.00,0.00,0.00,0.00,0.00,0.00,0.00,0.00,0.00,0.00,0.00,0.00,0.00,0.00,0.00,0.00,0.00,0.00,0.00,0.00,0.00,0.00,0.00,0.00,0.00,0.00,0.00,0.00,0.00,0.00,Access-Residential,200km/h,200km/h,200km/h,200km/h,200km/h,200km/h,60km/h,50km/h,60km/h,50km/h,50km/h,50km/h,50km/h,70km/h,70km/h,80km/h,60km/h,50km/h,4km/h,0,0,0,0,0,0,Federal motorway
62,6,,0,7,"AC,Al,Auto_C,C,Ca1_C,Ca2_C,Ca_BD,Cu_BD,Cu_C,Ex,M,MBUS,R,RAE,RE,S,T,TM,W",1,99999,50km/h,0km/h,0.00,0.00,0.00,0.00,0.00,0.00,0.00,0.00,0.00,0.00,0.00,0.00,0.00,0.00,0.00,0.00,0.00,0.00,0.00,0.00,0.00,0.00,0.00,0.00,0.00,0.00,0.00,0.00,0.00,0.00,0.00,0.00,0.00,0.00,0.00,0.00,Access-Residential,200km/h,200km/h,200km/h,200km/h,200km/h,200km/h,60km/h,50km/h,60km/h,50km/h,50km/h,50km/h,50km/h,70km/h,70km/h,80km/h,60km/h,50km/h,4km/h,0,0,0,0,0,0,Federal motorway
63,6,,0,7,"AC,Al,Auto_C,C,Ca1_C,Ca2_C,Ca_BD,Cu_BD,Cu_C,Ex,M,MBUS,R,RAE,RE,S,T,TM,W",1,99999,50km/h,0km/h,0.00,0.00,0.00,0.00,0.00,0.00,0.00,0.00,0.00,0.00,0.00,0.00,0.00,0.00,0.00,0.00,0.00,0.00,0.00,0.00,0.00,0.00,0.00,0.00,0.00,0.00,0.00,0.00,0.00,0.00,0.00,0.00,0.00,0.00,0.00,0.00,Access-Residential,200km/h,200km/h,200km/h,200km/h,200km/h,200km/h,60km/h,50km/h,60km/h,50km/h,50km/h,50km/h,50km/h,70km/h,70km/h,80km/h,60km/h,50km/h,4km/h,0,0,0,0,0,0,Federal motorway
64,6,,0,7,"AC,Al,Auto_C,C,Ca1_C,Ca2_C,Ca_BD,Cu_BD,Cu_C,Ex,M,MBUS,R,RAE,RE,S,T,TM,W",1,99999,50km/h,0km/h,0.00,0.00,0.00,0.00,0.00,0.00,0.00,0.00,0.00,0.00,0.00,0.00,0.00,0.00,0.00,0.00,0.00,0.00,0.00,0.00,0.00,0.00,0.00,0.00,0.00,0.00,0.00,0.00,0.00,0.00,0.00,0.00,0.00,0.00,0.00,0.00,Access-Residential,200km/h,200km/h,200km/h,200km/h,200km/h,200km/h,60km/h,50km/h,60km/h,50km/h,50km/h,50km/h,50km/h,70km/h,70km/h,80km/h,60km/h,50km/h,4km/h,0,0,0,0,0,0,Federal motorway
65,6,,0,7,"AC,Al,Auto_C,C,Ca1_C,Ca2_C,Ca_BD,Cu_BD,Cu_C,Ex,M,MBUS,R,RAE,RE,S,T,TM,W",1,99999,50km/h,0km/h,0.00,0.00,0.00,0.00,0.00,0.00,0.00,0.00,0.00,0.00,0.00,0.00,0.00,0.00,0.00,0.00,0.00,0.00,0.00,0.00,0.00,0.00,0.00,0.00,0.00,0.00,0.00,0.00,0.00,0.00,0.00,0.00,0.00,0.00,0.00,0.00,Access-Residential,200km/h,200km/h,200km/h,200km/h,200km/h,200km/h,60km/h,50km/h,60km/h,50km/h,50km/h,50km/h,50km/h,70km/h,70km/h,80km/h,60km/h,50km/h,4km/h,0,0,0,0,0,0,Federal motorway
66,6,,0,7,"AC,Al,Auto_C,C,Ca1_C,Ca2_C,Ca_BD,Cu_BD,Cu_C,Ex,M,MBUS,R,RAE,RE,S,T,TM,W",1,99999,50km/h,0km/h,0.00,0.00,0.00,0.00,0.00,0.00,0.00,0.00,0.00,0.00,0.00,0.00,0.00,0.00,0.00,0.00,0.00,0.00,0.00,0.00,0.00,0.00,0.00,0.00,0.00,0.00,0.00,0.00,0.00,0.00,0.00,0.00,0.00,0.00,0.00,0.00,Access-Residential,200km/h,200km/h,200km/h,200km/h,200km/h,200km/h,60km/h,50km/h,60km/h,50km/h,50km/h,50km/h,50km/h,70km/h,70km/h,80km/h,60km/h,50km/h,4km/h,0,0,0,0,0,0,Federal motorway
67,6,,0,7,"AC,Al,Auto_C,C,Ca1_C,Ca2_C,Ca_BD,Cu_BD,Cu_C,Ex,M,MBUS,R,RAE,RE,S,T,TM,W",1,99999,50km/h,0km/h,0.00,0.00,0.00,0.00,0.00,0.00,0.00,0.00,0.00,0.00,0.00,0.00,0.00,0.00,0.00,0.00,0.00,0.00,0.00,0.00,0.00,0.00,0.00,0.00,0.00,0.00,0.00,0.00,0.00,0.00,0.00,0.00,0.00,0.00,0.00,0.00,Access-Residential,200km/h,200km/h,200km/h,200km/h,200km/h,200km/h,60km/h,50km/h,60km/h,50km/h,50km/h,50km/h,50km/h,70km/h,70km/h,80km/h,60km/h,50km/h,4km/h,0,0,0,0,0,0,Federal motorway
68,6,,0,7,"AC,Al,Auto_C,C,Ca1_C,Ca2_C,Ca_BD,Cu_BD,Cu_C,Ex,M,MBUS,R,RAE,RE,S,T,TM,W",1,99999,50km/h,0km/h,0.00,0.00,0.00,0.00,0.00,0.00,0.00,0.00,0.00,0.00,0.00,0.00,0.00,0.00,0.00,0.00,0.00,0.00,0.00,0.00,0.00,0.00,0.00,0.00,0.00,0.00,0.00,0.00,0.00,0.00,0.00,0.00,0.00,0.00,0.00,0.00,Access-Residential,200km/h,200km/h,200km/h,200km/h,200km/h,200km/h,60km/h,50km/h,60km/h,50km/h,50km/h,50km/h,50km/h,70km/h,70km/h,80km/h,60km/h,50km/h,4km/h,0,0,0,0,0,0,Federal motorway
69,6,,0,7,"AC,Al,Auto_C,C,Ca1_C,Ca2_C,Ca_BD,Cu_BD,Cu_C,Ex,M,MBUS,R,RAE,RE,S,T,TM,W",1,99999,50km/h,0km/h,0.00,0.00,0.00,0.00,0.00,0.00,0.00,0.00,0.00,0.00,0.00,0.00,0.00,0.00,0.00,0.00,0.00,0.00,0.00,0.00,0.00,0.00,0.00,0.00,0.00,0.00,0.00,0.00,0.00,0.00,0.00,0.00,0.00,0.00,0.00,0.00,Access-Residential,200km/h,200km/h,200km/h,200km/h,200km/h,200km/h,60km/h,50km/h,60km/h,50km/h,50km/h,50km/h,50km/h,70km/h,70km/h,80km/h,60km/h,50km/h,4km/h,0,0,0,0,0,0,Federal motorway
70,7,,0,8,"AC,Al,Auto_C,C,Ca1_C,Ca2_C,Ca_BD,Cu_BD,Cu_C,Ex,M,MBUS,R,RAE,RE,S,T,TM,W",1,99999,50km/h,0km/h,0.00,0.00,0.00,0.00,0.00,0.00,0.00,0.00,0.00,0.00,0.00,0.00,0.00,0.00,0.00,0.00,0.00,0.00,0.00,0.00,0.00,0.00,0.00,0.00,0.00,0.00,0.00,0.00,0.00,0.00,0.00,0.00,0.00,0.00,0.00,0.00,Access-Residential,200km/h,200km/h,200km/h,200km/h,200km/h,200km/h,60km/h,50km/h,60km/h,50km/h,50km/h,50km/h,50km/h,70km/h,70km/h,80km/h,60km/h,50km/h,4km/h,0,0,0,0,0,0,Federal motorway
71,7,,0,8,"AC,Al,Auto_C,C,Ca1_C,Ca2_C,Ca_BD,Cu_BD,Cu_C,Ex,M,MBUS,R,RAE,RE,S,T,TM,W",1,99999,50km/h,0km/h,0.00,0.00,0.00,0.00,0.00,0.00,0.00,0.00,0.00,0.00,0.00,0.00,0.00,0.00,0.00,0.00,0.00,0.00,0.00,0.00,0.00,0.00,0.00,0.00,0.00,0.00,0.00,0.00,0.00,0.00,0.00,0.00,0.00,0.00,0.00,0.00,Access-Residential,200km/h,200km/h,200km/h,200km/h,200km/h,200km/h,60km/h,50km/h,60km/h,50km/h,50km/h,50km/h,50km/h,70km/h,70km/h,80km/h,60km/h,50km/h,4km/h,0,0,0,0,0,0,Federal motorway
72,7,,0,8,"AC,Al,Auto_C,C,Ca1_C,Ca2_C,Ca_BD,Cu_BD,Cu_C,Ex,M,MBUS,R,RAE,RE,S,T,TM,W",1,99999,50km/h,0km/h,0.00,0.00,0.00,0.00,0.00,0.00,0.00,0.00,0.00,0.00,0.00,0.00,0.00,0.00,0.00,0.00,0.00,0.00,0.00,0.00,0.00,0.00,0.00,0.00,0.00,0.00,0.00,0.00,0.00,0.00,0.00,0.00,0.00,0.00,0.00,0.00,Access-Residential,200km/h,200km/h,200km/h,200km/h,200km/h,200km/h,60km/h,50km/h,60km/h,50km/h,50km/h,50km/h,50km/h,70km/h,70km/h,80km/h,60km/h,50km/h,4km/h,0,0,0,0,0,0,Federal motorway
73,7,,0,8,"AC,Al,Auto_C,C,Ca1_C,Ca2_C,Ca_BD,Cu_BD,Cu_C,Ex,M,MBUS,R,RAE,RE,S,T,TM,W",1,99999,50km/h,0km/h,0.00,0.00,0.00,0.00,0.00,0.00,0.00,0.00,0.00,0.00,0.00,0.00,0.00,0.00,0.00,0.00,0.00,0.00,0.00,0.00,0.00,0.00,0.00,0.00,0.00,0.00,0.00,0.00,0.00,0.00,0.00,0.00,0.00,0.00,0.00,0.00,Access-Residential,200km/h,200km/h,200km/h,200km/h,200km/h,200km/h,60km/h,50km/h,60km/h,50km/h,50km/h,50km/h,50km/h,70km/h,70km/h,80km/h,60km/h,50km/h,4km/h,0,0,0,0,0,0,Federal motorway
74,7,,0,8,"AC,Al,Auto_C,C,Ca1_C,Ca2_C,Ca_BD,Cu_BD,Cu_C,Ex,M,MBUS,R,RAE,RE,S,T,TM,W",1,99999,50km/h,0km/h,0.00,0.00,0.00,0.00,0.00,0.00,0.00,0.00,0.00,0.00,0.00,0.00,0.00,0.00,0.00,0.00,0.00,0.00,0.00,0.00,0.00,0.00,0.00,0.00,0.00,0.00,0.00,0.00,0.00,0.00,0.00,0.00,0.00,0.00,0.00,0.00,Access-Residential,200km/h,200km/h,200km/h,200km/h,200km/h,200km/h,60km/h,50km/h,60km/h,50km/h,50km/h,50km/h,50km/h,70km/h,70km/h,80km/h,60km/h,50km/h,4km/h,0,0,0,0,0,0,Federal motorway
75,7,,0,8,"AC,Al,Auto_C,C,Ca1_C,Ca2_C,Ca_BD,Cu_BD,Cu_C,Ex,M,MBUS,R,RAE,RE,S,T,TM,W",1,99999,50km/h,0km/h,0.00,0.00,0.00,0.00,0.00,0.00,0.00,0.00,0.00,0.00,0.00,0.00,0.00,0.00,0.00,0.00,0.00,0.00,0.00,0.00,0.00,0.00,0.00,0.00,0.00,0.00,0.00,0.00,0.00,0.00,0.00,0.00,0.00,0.00,0.00,0.00,Access-Residential,200km/h,200km/h,200km/h,200km/h,200km/h,200km/h,60km/h,50km/h,60km/h,50km/h,50km/h,50km/h,50km/h,70km/h,70km/h,80km/h,60km/h,50km/h,4km/h,0,0,0,0,0,0,Federal motorway
76,7,,0,8,"AC,Al,Auto_C,C,Ca1_C,Ca2_C,Ca_BD,Cu_BD,Cu_C,Ex,M,MBUS,R,RAE,RE,S,T,TM,W",1,99999,50km/h,0km/h,0.00,0.00,0.00,0.00,0.00,0.00,0.00,0.00,0.00,0.00,0.00,0.00,0.00,0.00,0.00,0.00,0.00,0.00,0.00,0.00,0.00,0.00,0.00,0.00,0.00,0.00,0.00,0.00,0.00,0.00,0.00,0.00,0.00,0.00,0.00,0.00,Access-Residential,200km/h,200km/h,200km/h,200km/h,200km/h,200km/h,60km/h,50km/h,60km/h,50km/h,50km/h,50km/h,50km/h,70km/h,70km/h,80km/h,60km/h,50km/h,4km/h,0,0,0,0,0,0,Federal motorway
77,7,,0,8,"AC,Al,Auto_C,C,Ca1_C,Ca2_C,Ca_BD,Cu_BD,Cu_C,Ex,M,MBUS,R,RAE,RE,S,T,TM,W",1,99999,50km/h,0km/h,0.00,0.00,0.00,0.00,0.00,0.00,0.00,0.00,0.00,0.00,0.00,0.00,0.00,0.00,0.00,0.00,0.00,0.00,0.00,0.00,0.00,0.00,0.00,0.00,0.00,0.00,0.00,0.00,0.00,0.00,0.00,0.00,0.00,0.00,0.00,0.00,Access-Residential,200km/h,200km/h,200km/h,200km/h,200km/h,200km/h,60km/h,50km/h,60km/h,50km/h,50km/h,50km/h,50km/h,70km/h,70km/h,80km/h,60km/h,50km/h,4km/h,0,0,0,0,0,0,Federal motorway
78,7,,0,8,"AC,Al,Auto_C,C,Ca1_C,Ca2_C,Ca_BD,Cu_BD,Cu_C,Ex,M,MBUS,R,RAE,RE,S,T,TM,W",1,99999,50km/h,0km/h,0.00,0.00,0.00,0.00,0.00,0.00,0.00,0.00,0.00,0.00,0.00,0.00,0.00,0.00,0.00,0.00,0.00,0.00,0.00,0.00,0.00,0.00,0.00,0.00,0.00,0.00,0.00,0.00,0.00,0.00,0.00,0.00,0.00,0.00,0.00,0.00,Access-Residential,200km/h,200km/h,200km/h,200km/h,200km/h,200km/h,60km/h,50km/h,60km/h,50km/h,50km/h,50km/h,50km/h,70km/h,70km/h,80km/h,60km/h,50km/h,4km/h,0,0,0,0,0,0,Federal motorway
79,7,,0,8,"AC,Al,Auto_C,C,Ca1_C,Ca2_C,Ca_BD,Cu_BD,Cu_C,Ex,M,MBUS,R,RAE,RE,S,T,TM,W",1,99999,50km/h,0km/h,0.00,0.00,0.00,0.00,0.00,0.00,0.00,0.00,0.00,0.00,0.00,0.00,0.00,0.00,0.00,0.00,0.00,0.00,0.00,0.00,0.00,0.00,0.00,0.00,0.00,0.00,0.00,0.00,0.00,0.00,0.00,0.00,0.00,0.00,0.00,0.00,Access-Residential,200km/h,200km/h,200km/h,200km/h,200km/h,200km/h,60km/h,50km/h,60km/h,50km/h,50km/h,50km/h,50km/h,70km/h,70km/h,80km/h,60km/h,50km/h,4km/h,0,0,0,0,0,0,Federal motorway
80,8,,0,9,"AC,Al,Auto_C,C,Ca1_C,Ca2_C,Ca_BD,Cu_BD,Cu_C,Ex,M,MBUS,R,RAE,RE,S,T,TM,W",1,99999,50km/h,0km/h,0.00,0.00,0.00,0.00,0.00,0.00,0.00,0.00,0.00,0.00,0.00,0.00,0.00,0.00,0.00,0.00,0.00,0.00,0.00,0.00,0.00,0.00,0.00,0.00,0.00,0.00,0.00,0.00,0.00,0.00,0.00,0.00,0.00,0.00,0.00,0.00,Access-Residential,200km/h,200km/h,200km/h,200km/h,200km/h,200km/h,60km/h,50km/h,60km/h,50km/h,50km/h,50km/h,50km/h,70km/h,70km/h,80km/h,60km/h,50km/h,4km/h,0,0,0,0,0,0,Federal motorway
81,8,,0,9,"AC,Al,Auto_C,C,Ca1_C,Ca2_C,Ca_BD,Cu_BD,Cu_C,Ex,M,MBUS,R,RAE,RE,S,T,TM,W",1,99999,50km/h,0km/h,0.00,0.00,0.00,0.00,0.00,0.00,0.00,0.00,0.00,0.00,0.00,0.00,0.00,0.00,0.00,0.00,0.00,0.00,0.00,0.00,0.00,0.00,0.00,0.00,0.00,0.00,0.00,0.00,0.00,0.00,0.00,0.00,0.00,0.00,0.00,0.00,Access-Residential,200km/h,200km/h,200km/h,200km/h,200km/h,200km/h,60km/h,50km/h,60km/h,50km/h,50km/h,50km/h,50km/h,70km/h,70km/h,80km/h,60km/h,50km/h,4km/h,0,0,0,0,0,0,Federal motorway
82,8,,0,9,"AC,Al,Auto_C,C,Ca1_C,Ca2_C,Ca_BD,Cu_BD,Cu_C,Ex,M,MBUS,R,RAE,RE,S,T,TM,W",1,99999,50km/h,0km/h,0.00,0.00,0.00,0.00,0.00,0.00,0.00,0.00,0.00,0.00,0.00,0.00,0.00,0.00,0.00,0.00,0.00,0.00,0.00,0.00,0.00,0.00,0.00,0.00,0.00,0.00,0.00,0.00,0.00,0.00,0.00,0.00,0.00,0.00,0.00,0.00,Access-Residential,200km/h,200km/h,200km/h,200km/h,200km/h,200km/h,60km/h,50km/h,60km/h,50km/h,50km/h,50km/h,50km/h,70km/h,70km/h,80km/h,60km/h,50km/h,4km/h,0,0,0,0,0,0,Federal motorway
83,8,AV. CUAHUTEMOC,0,1,"AC,Al,Auto_C,C,Ca1_C,Ca2_C,Ca_BD,Cu_BD,Cu_C,Ex,M,MBUS,R,RAE,RE,S,T,TM,W",1,99999,50km/h,0km/h,0.00,0.00,0.00,0.00,0.00,0.00,0.00,0.00,0.00,0.00,0.00,0.00,0.00,0.00,0.00,0.00,0.00,0.00,0.00,0.00,0.00,0.00,0.00,0.00,0.00,0.00,0.00,0.00,0.00,0.00,0.00,0.00,0.00,0.00,0.00,0.00,Access-Residential,200km/h,200km/h,200km/h,200km/h,200km/h,200km/h,60km/h,50km/h,60km/h,50km/h,50km/h,50km/h,50km/h,70km/h,70km/h,80km/h,60km/h,50km/h,4km/h,0,0,0,0,0,0,Federal motorway
84,8,AV. VICENTE GUERRERO,0,9,"AC,Al,Auto_C,C,Ca1_C,Ca2_C,Ca_BD,Cu_BD,Cu_C,Ex,M,MBUS,R,RAE,RE,S,T,TM,W",1,99999,50km/h,0km/h,0.00,0.00,0.00,0.00,0.00,0.00,0.00,0.00,0.00,0.00,0.00,0.00,0.00,0.00,0.00,0.00,0.00,0.00,0.00,0.00,0.00,0.00,0.00,0.00,0.00,0.00,0.00,0.00,0.00,0.00,0.00,0.00,0.00,0.00,0.00,0.00,Access-Residential,200km/h,200km/h,200km/h,200km/h,200km/h,200km/h,60km/h,50km/h,60km/h,50km/h,50km/h,50km/h,50km/h,70km/h,70km/h,80km/h,60km/h,50km/h,4km/h,0,0,0,0,0,0,Federal motorway
85,8,AV. MIGUEL ALEMAN,0,9,"AC,Al,Auto_C,C,Ca1_C,Ca2_C,Ca_BD,Cu_BD,Cu_C,Ex,M,MBUS,R,RAE,RE,S,T,TM,W",1,99999,50km/h,0km/h,0.00,0.00,0.00,0.00,0.00,0.00,0.00,0.00,0.00,0.00,0.00,0.00,0.00,0.00,0.00,0.00,0.00,0.00,0.00,0.00,0.00,0.00,0.00,0.00,0.00,0.00,0.00,0.00,0.00,0.00,0.00,0.00,0.00,0.00,0.00,0.00,Access-Residential,200km/h,200km/h,200km/h,200km/h,200km/h,200km/h,60km/h,50km/h,60km/h,50km/h,50km/h,50km/h,50km/h,70km/h,70km/h,80km/h,60km/h,50km/h,4km/h,0,0,0,0,0,0,Federal motorway
86,8,AV. MIGUEL ALEMAN,0,9,"AC,Al,Auto_C,C,Ca1_C,Ca2_C,Ca_BD,Cu_BD,Cu_C,Ex,M,MBUS,R,RAE,RE,S,T,TM,W",1,99999,50km/h,0km/h,0.00,0.00,0.00,0.00,0.00,0.00,0.00,0.00,0.00,0.00,0.00,0.00,0.00,0.00,0.00,0.00,0.00,0.00,0.00,0.00,0.00,0.00,0.00,0.00,0.00,0.00,0.00,0.00,0.00,0.00,0.00,0.00,0.00,0.00,0.00,0.00,Access-Residential,200km/h,200km/h,200km/h,200km/h,200km/h,200km/h,60km/h,50km/h,60km/h,50km/h,50km/h,50km/h,50km/h,70km/h,70km/h,80km/h,60km/h,50km/h,4km/h,0,0,0,0,0,0,Federal motorway
87,8,,0,9,"AC,Al,Auto_C,C,Ca1_C,Ca2_C,Ca_BD,Cu_BD,Cu_C,Ex,M,MBUS,R,RAE,RE,S,T,TM,W",1,99999,50km/h,0km/h,0.00,0.00,0.00,0.00,0.00,0.00,0.00,0.00,0.00,0.00,0.00,0.00,0.00,0.00,0.00,0.00,0.00,0.00,0.00,0.00,0.00,0.00,0.00,0.00,0.00,0.00,0.00,0.00,0.00,0.00,0.00,0.00,0.00,0.00,0.00,0.00,Access-Residential,200km/h,200km/h,200km/h,200km/h,200km/h,200km/h,60km/h,50km/h,60km/h,50km/h,50km/h,50km/h,50km/h,70km/h,70km/h,80km/h,60km/h,50km/h,4km/h,0,0,0,0,0,0,Federal motorway
88,8,,0,9,"AC,Al,Auto_C,C,Ca1_C,Ca2_C,Ca_BD,Cu_BD,Cu_C,Ex,M,MBUS,R,RAE,RE,S,T,TM,W",1,99999,50km/h,0km/h,0.00,0.00,0.00,0.00,0.00,0.00,0.00,0.00,0.00,0.00,0.00,0.00,0.00,0.00,0.00,0.00,0.00,0.00,0.00,0.00,0.00,0.00,0.00,0.00,0.00,0.00,0.00,0.00,0.00,0.00,0.00,0.00,0.00,0.00,0.00,0.00,Access-Residential,200km/h,200km/h,200km/h,200km/h,200km/h,200km/h,60km/h,50km/h,60km/h,50km/h,50km/h,50km/h,50km/h,70km/h,70km/h,80km/h,60km/h,50km/h,4km/h,0,0,0,0,0,0,Federal motorway
89,8,,0,9,"AC,Al,Auto_C,C,Ca1_C,Ca2_C,Ca_BD,Cu_BD,Cu_C,Ex,M,MBUS,R,RAE,RE,S,T,TM,W",1,99999,50km/h,0km/h,0.00,0.00,0.00,0.00,0.00,0.00,0.00,0.00,0.00,0.00,0.00,0.00,0.00,0.00,0.00,0.00,0.00,0.00,0.00,0.00,0.00,0.00,0.00,0.00,0.00,0.00,0.00,0.00,0.00,0.00,0.00,0.00,0.00,0.00,0.00,0.00,Access-Residential,200km/h,200km/h,200km/h,200km/h,200km/h,200km/h,60km/h,50km/h,60km/h,50km/h,50km/h,50km/h,50km/h,70km/h,70km/h,80km/h,60km/h,50km/h,4km/h,0,0,0,0,0,0,Federal motorway
90,9,,0,10,"AC,Al,Auto_C,C,Ca1_C,Ca2_C,Ca_BD,Cu_BD,Cu_C,Ex,M,MBUS,R,RAE,RE,S,T,TM,W",1,99999,50km/h,0km/h,0.00,0.00,0.00,0.00,0.00,0.00,0.00,0.00,0.00,0.00,0.00,0.00,0.00,0.00,0.00,0.00,0.00,0.00,0.00,0.00,0.00,0.00,0.00,0.00,0.00,0.00,0.00,0.00,0.00,0.00,0.00,0.00,0.00,0.00,0.00,0.00,Access-Residential,200km/h,200km/h,200km/h,200km/h,200km/h,200km/h,60km/h,50km/h,60km/h,50km/h,50km/h,50km/h,50km/h,70km/h,70km/h,80km/h,60km/h,50km/h,4km/h,0,0,0,0,0,0,Federal motorway
91,9,,0,10,"AC,Al,Auto_C,C,Ca1_C,Ca2_C,Ca_BD,Cu_BD,Cu_C,Ex,M,MBUS,R,RAE,RE,S,T,TM,W",1,99999,50km/h,0km/h,0.00,0.00,0.00,0.00,0.00,0.00,0.00,0.00,0.00,0.00,0.00,0.00,0.00,0.00,0.00,0.00,0.00,0.00,0.00,0.00,0.00,0.00,0.00,0.00,0.00,0.00,0.00,0.00,0.00,0.00,0.00,0.00,0.00,0.00,0.00,0.00,Access-Residential,200km/h,200km/h,200km/h,200km/h,200km/h,200km/h,60km/h,50km/h,60km/h,50km/h,50km/h,50km/h,50km/h,70km/h,70km/h,80km/h,60km/h,50km/h,4km/h,0,0,0,0,0,0,Federal motorway
92,9,,0,10,"AC,Al,Auto_C,C,Ca1_C,Ca2_C,Ca_BD,Cu_BD,Cu_C,Ex,M,MBUS,R,RAE,RE,S,T,TM,W",1,99999,50km/h,0km/h,0.00,0.00,0.00,0.00,0.00,0.00,0.00,0.00,0.00,0.00,0.00,0.00,0.00,0.00,0.00,0.00,0.00,0.00,0.00,0.00,0.00,0.00,0.00,0.00,0.00,0.00,0.00,0.00,0.00,0.00,0.00,0.00,0.00,0.00,0.00,0.00,Access-Residential,200km/h,200km/h,200km/h,200km/h,200km/h,200km/h,60km/h,50km/h,60km/h,50km/h,50km/h,50km/h,50km/h,70km/h,70km/h,80km/h,60km/h,50km/h,4km/h,0,0,0,0,0,0,Federal motorway
93,9,,0,10,"AC,Al,Auto_C,C,Ca1_C,Ca2_C,Ca_BD,Cu_BD,Cu_C,Ex,M,MBUS,R,RAE,RE,S,T,TM,W",1,99999,50km/h,0km/h,0.00,0.00,0.00,0.00,0.00,0.00,0.00,0.00,0.00,0.00,0.00,0.00,0.00,0.00,0.00,0.00,0.00,0.00,0.00,0.00,0.00,0.00,0.00,0.00,0.00,0.00,0.00,0.00,0.00,0.00,0.00,0.00,0.00,0.00,0.00,0.00,Access-Residential,200km/h,200km/h,200km/h,200km/h,200km/h,200km/h,60km/h,50km/h,60km/h,50km/h,50km/h,50km/h,50km/h,70km/h,70km/h,80km/h,60km/h,50km/h,4km/h,0,0,0,0,0,0,Federal motorway
94,9,,0,10,"AC,Al,Auto_C,C,Ca1_C,Ca2_C,Ca_BD,Cu_BD,Cu_C,Ex,M,MBUS,R,RAE,RE,S,T,TM,W",1,99999,50km/h,0km/h,0.00,0.00,0.00,0.00,0.00,0.00,0.00,0.00,0.00,0.00,0.00,0.00,0.00,0.00,0.00,0.00,0.00,0.00,0.00,0.00,0.00,0.00,0.00,0.00,0.00,0.00,0.00,0.00,0.00,0.00,0.00,0.00,0.00,0.00,0.00,0.00,Access-Residential,200km/h,200km/h,200km/h,200km/h,200km/h,200km/h,60km/h,50km/h,60km/h,50km/h,50km/h,50km/h,50km/h,70km/h,70km/h,80km/h,60km/h,50km/h,4km/h,0,0,0,0,0,0,Federal motorway
95,9,,0,10,"AC,Al,Auto_C,C,Ca1_C,Ca2_C,Ca_BD,Cu_BD,Cu_C,Ex,M,MBUS,R,RAE,RE,S,T,TM,W",1,99999,50km/h,0km/h,0.00,0.00,0.00,0.00,0.00,0.00,0.00,0.00,0.00,0.00,0.00,0.00,0.00,0.00,0.00,0.00,0.00,0.00,0.00,0.00,0.00,0.00,0.00,0.00,0.00,0.00,0.00,0.00,0.00,0.00,0.00,0.00,0.00,0.00,0.00,0.00,Access-Residential,200km/h,200km/h,200km/h,200km/h,200km/h,200km/h,60km/h,50km/h,60km/h,50km/h,50km/h,50km/h,50km/h,70km/h,70km/h,80km/h,60km/h,50km/h,4km/h,0,0,0,0,0,0,Federal motorway
96,9,,0,10,"AC,Al,Auto_C,C,Ca1_C,Ca2_C,Ca_BD,Cu_BD,Cu_C,Ex,M,MBUS,R,RAE,RE,S,T,TM,W",1,99999,50km/h,0km/h,0.00,0.00,0.00,0.00,0.00,0.00,0.00,0.00,0.00,0.00,0.00,0.00,0.00,0.00,0.00,0.00,0.00,0.00,0.00,0.00,0.00,0.00,0.00,0.00,0.00,0.00,0.00,0.00,0.00,0.00,0.00,0.00,0.00,0.00,0.00,0.00,Access-Residential,200km/h,200km/h,200km/h,200km/h,200km/h,200km/h,60km/h,50km/h,60km/h,50km/h,50km/h,50km/h,50km/h,70km/h,70km/h,80km/h,60km/h,50km/h,4km/h,0,0,0,0,0,0,Federal motorway
97,9,,0,10,"AC,Al,Auto_C,C,Ca1_C,Ca2_C,Ca_BD,Cu_BD,Cu_C,Ex,M,MBUS,R,RAE,RE,S,T,TM,W",1,99999,50km/h,0km/h,0.00,0.00,0.00,0.00,0.00,0.00,0.00,0.00,0.00,0.00,0.00,0.00,0.00,0.00,0.00,0.00,0.00,0.00,0.00,0.00,0.00,0.00,0.00,0.00,0.00,0.00,0.00,0.00,0.00,0.00,0.00,0.00,0.00,0.00,0.00,0.00,Access-Residential,200km/h,200km/h,200km/h,200km/h,200km/h,200km/h,60km/h,50km/h,60km/h,50km/h,50km/h,50km/h,50km/h,70km/h,70km/h,80km/h,60km/h,50km/h,4km/h,0,0,0,0,0,0,Federal motorway
98,9,,0,10,"AC,Al,Auto_C,C,Ca1_C,Ca2_C,Ca_BD,Cu_BD,Cu_C,Ex,M,MBUS,R,RAE,RE,S,T,TM,W",1,99999,50km/h,0km/h,0.00,0.00,0.00,0.00,0.00,0.00,0.00,0.00,0.00,0.00,0.00,0.00,0.00,0.00,0.00,0.00,0.00,0.00,0.00,0.00,0.00,0.00,0.00,0.00,0.00,0.00,0.00,0.00,0.00,0.00,0.00,0.00,0.00,0.00,0.00,0.00,Access-Residential,200km/h,200km/h,200km/h,200km/h,200km/h,200km/h,60km/h,50km/h,60km/h,50km/h,50km/h,50km/h,50km/h,70km/h,70km/h,80km/h,60km/h,50km/h,4km/h,0,0,0,0,0,0,Federal motorway
99,9,,0,10,"AC,Al,Auto_C,C,Ca1_C,Ca2_C,Ca_BD,Cu_BD,Cu_C,Ex,M,MBUS,R,RAE,RE,S,T,TM,W",1,99999,50km/h,0km/h,0.00,0.00,0.00,0.00,0.00,0.00,0.00,0.00,0.00,0.00,0.00,0.00,0.00,0.00,0.00,0.00,0.00,0.00,0.00,0.00,0.00,0.00,0.00,0.00,0.00,0.00,0.00,0.00,0.00,0.00,0.00,0.00,0.00,0.00,0.00,0.00,Access-Residential,200km/h,200km/h,200km/h,200km/h,200km/h,200km/h,60km/h,50km/h,60km/h,50km/h,50km/h,50km/h,50km/h,70km/h,70km/h,80km/h,60km/h,50km/h,4km/h,0,0,0,0,0,0,Federal motorway
