CODE,NAME,TYPE,PCU,SBAREACTIONTIME,SBAEFFVEHLENGTH,SBAMAXWAITINGTIME,ISROUNDTRIPSYSTEM,ISSTATIONBASED,ALLOWRELOCATIONS,MAXNUMRELOCATIONSPERHOUR,HASDEPOT,NUMVEHICLESINNETWORK,OCCUPANCYRATE
AC,Alimentadora Corredor,PuT,1.000,1.20s,7.00m,120s,0,1,0,5.000,0,100.000,1.000
Al,Alimentadora,PuT,1.000,1.20s,7.00m,120s,0,1,0,5.000,0,100.000,1.000
Auto_C,Auto Cuota,PrT,1.000,1.20s,7.00m,120s,0,1,0,5.000,0,100.000,1.000
C,Corredor,PuT,1.000,1.20s,7.00m,120s,0,1,0,5.000,0,100.000,1.000
Ca1_C,Ca1 Camion articulado 1,PrT,3.500,1.20s,7.00m,120s,0,1,0,5.000,0,100.000,1.000
Ca2_C,Ca2 Camion articulado 2,PrT,3.500,1.20s,7.00m,120s,0,1,0,5.000,0,100.000,1.000
Ca_BD,Camion articulado Big Data,PrT,3.500,1.20s,7.00m,120s,0,1,0,5.000,0,100.000,1.000
Cu_BD,Camion unitario Big Data,PrT,2.000,1.20s,7.00m,120s,0,1,0,5.000,0,100.000,1.000
Cu_C,Cu Camion unitario,PrT,2.000,1.20s,7.00m,120s,0,1,0,5.000,0,100.000,1.000
Ex,Express,PuT,1.000,1.20s,7.00m,120s,0,1,0,5.000,0,100.000,1.000
M,Metro,PuT,1.000,1.20s,7.00m,120s,0,1,0,5.000,0,100.000,1.000
MBUS,METROBUS,PuT,1.000,1.20s,7.00m,120s,0,1,0,5.000,0,100.000,1.000
R,Remanente,PuT,1.000,1.20s,7.00m,120s,0,1,0,5.000,0,100.000,1.000
RAE,RUTAS_ALTA_ESPECIFICACION,PuT,1.000,1.20s,7.00m,120s,0,1,0,5.000,0,100.000,1.000
RE,REGIONAL,PuT,1.000,1.20s,7.00m,120s,0,1,0,5.000,0,100.000,1.000
S,Tren,PuT,1.000,1.20s,7.00m,120s,0,1,0,5.000,0,100.000,1.000
T,BRT,PuT,1.000,1.20s,7.00m,120s,0,1,0,5.000,0,100.000,1.000
TM,TRANSMETRO,PuT,1.000,1.20s,7.00m,120s,0,1,0,5.000,0,100.000,1.000
W,Walk,PuTWalk,1.000,1.20s,7.00m,120s,0,1,0,5.000,0,100.000,1.000
