OBJID,ATTID,CODE,NAME,VALUETYPE,MINVALUE,MAXVALUE,DEFAULTVALUE,DEFAULTSTRINGVALUE,COMMENT,MAXSTRINGLENGTH,NUMDECPLACES,DATASOURCETYPE,FORMULA,SCALEDBYLENGTH,CROSSSECTIONLOGIC,CSLIGNORECLOSED,SUBATTRS,CANBEEMPTY,USERDEFINEDGROUPNAME,OPERATIONREFERENCE
MAINZONE,AI_O,AI_O,AI_O,Double,MIN,MAX,0.000,,,0,10,Data,,0,SUM,0,,1,,
MAINZONE,AI_TYE,AI_TYE,AI_TYE,Double,MIN,MAX,0.000,,,0,10,Data,,0,SUM,0,,1,,
MAINZONE,ANILLO,Anillo,Anillo,Int,MIN,MAX,0.000,,,0,0,Data,,0,SUM,0,,1,,
MAINZONE,ATRAC_OTROS,ATRAC_OTROS,ATRAC_OTROS,Double,MIN,MAX,0.000,,,0,8,Data,,0,SUM,0,,1,,
MAINZONE,ATRAC_TYE,ATRAC_TYE,ATRAC_TYE,Double,MIN,MAX,0.000,,,0,8,Data,,0,SUM,0,,1,,
MAINZONE,BJ_O,BJ_O,BJ_O,Double,MIN,MAX,0.000,,,0,10,Data,,0,SUM,0,,1,,
MAINZONE,BJ_TYE,BJ_TYE,BJ_TYE,Double,MIN,MAX,0.000,,,0,10,Data,,0,SUM,0,,1,,
MAINZONE,EMPLEO,EMPLEO,EMPLEO,Double,MIN,MAX,0.000,,,0,8,Data,,0,SUM,0,,1,,
MAINZONE,ENC_ATRAC_OTROS,ENC_ATRAC_OTROS,ENC_ATRAC_OTROS,Double,MIN,MAX,0.000,,,0,8,Data,,0,SUM,0,,1,,
MAINZONE,ENC_ATRAC_TYE,ENC_ATRAC_TYE,ENC_ATRAC_TYE,Double,MIN,MAX,0.000,,,0,8,Data,,0,SUM,0,,1,,
MAINZONE,ENC_PROD_OTROS,ENC_PROD_OTROS,ENC_PROD_OTROS,Double,MIN,MAX,0.000,,,0,8,Data,,0,SUM,0,,1,,
MAINZONE,ENC_PROD_TYE,ENC_PROD_TYE,ENC_PROD_TYE,Double,MIN,MAX,0.000,,,0,8,Data,,0,SUM,0,,1,,
MAINZONE,FC_ATRAC_O,FC_ATRAC_O,FC_ATRAC_O,Double,MIN,MAX,0.000,,,0,8,Data,,0,SUM,0,,1,,
MAINZONE,FC_ATRAC_TYE,FC_ATRAC_TYE,FC_ATRAC_TYE,Double,MIN,MAX,0.000,,,0,8,Data,,0,SUM,0,,1,,
MAINZONE,FC_PROD_O,FC_PROD_O,FC_PROD_O,Double,MIN,MAX,0.000,,,0,8,Data,,0,SUM,0,,1,,
MAINZONE,FC_PROD_TYE,FC_PROD_TYE,FC_PROD_TYE,Double,MIN,MAX,0.000,,,0,8,Data,,0,SUM,0,,1,,
MAINZONE,F_MICRO_ATRACO,F_MICRO_ATRACO,F_MICRO_ATRACO,Double,MIN,MAX,0.000,,,0,8,Data,,0,SUM,0,,1,,
MAINZONE,F_MICRO_ATRACTYE,F_MICRO_ATRACTYE,F_MICRO_ATRACTYE,Double,MIN,MAX,0.000,,,0,8,Data,,0,SUM,0,,1,,
MAINZONE,F_MICRO_PRODO,F_MICRO_PRODO,F_MICRO_PRODO,Double,MIN,MAX,0.000,,,0,8,Data,,0,SUM,0,,1,,
MAINZONE,F_MICRO_PRODTYE,F_MICRO_PRODTYE,F_MICRO_PRODTYE,Double,MIN,MAX,0.000,,,0,8,Data,,0,SUM,0,,1,,
MAINZONE,MATRÍCULA,MATRÍCULA,MATRÍCULA,Int,MIN,MAX,0.000,,,0,0,Data,,0,SUM,0,,1,,
MAINZONE,POBLACIÓN,POBLACIÓN,POBLACIÓN,Double,MIN,MAX,0.000,,,0,8,Data,,0,SUM,0,,1,,
MAINZONE,PROD_OTROS,PROD_OTROS,PROD_OTROS,Double,MIN,MAX,0.000,,,0,8,Data,,0,SUM,0,,1,,
MAINZONE,PROD_TYE,PROD_TYE,PROD_TYE,Double,MIN,MAX,0.000,,,0,8,Data,,0,SUM,0,,1,,
MAINZONE,TOTNUMZONES2,TOTNUMZONES2,TOTNUMZONES2,Int,MIN,MAX,0.000,,TOTNUMZONES2,0,0,Data,,0,SUM,0,,1,,
MAINZONE,TXMOT,TXMOT,TXMOT,Double,MIN,MAX,0.000,,,0,8,Data,,0,SUM,0,,1,,
MAINZONE,VEHÍCULOS,VEHÍCULOS,VEHÍCULOS,Double,MIN,MAX,0.000,,,0,8,Data,,0,SUM,0,,1,,
ZONE,EMPLEO,EMPLEO,EMPLEO,Double,MIN,MAX,0.000,,EMPLEO,0,4,Data,,0,SUM,0,,1,,
ZONE,EMP_2020,EMP_2020,EMP_2020,Double,MIN,MAX,0.000,,EMP_2020,0,4,Data,,0,SUM,0,,1,,
ZONE,EMP_2020_DOMS,EMP_2020_DOMS,EMP_2020_DOMS,Double,MIN,MAX,0.000,,EMP_2020_DOMS,0,4,Data,,0,SUM,0,,1,,
ZONE,EMP_2025,EMP_2025,EMP_2025,Double,MIN,MAX,0.000,,EMP_2025,0,4,Data,,0,SUM,0,,1,,
ZONE,EMP_2025_DOMS,EMP_2025_DOMS,EMP_2025_DOMS,Double,MIN,MAX,0.000,,EMP_2025_DOMS,0,4,Data,,0,SUM,0,,1,,
ZONE,EMP_2030,EMP_2030,EMP_2030,Double,MIN,MAX,0.000,,EMP_2030,0,4,Data,,0,SUM,0,,1,,
ZONE,EMP_2030_DOMS,EMP_2030_DOMS,EMP_2030_DOMS,Double,MIN,MAX,0.000,,EMP_2030_DOMS,0,4,Data,,0,SUM,0,,1,,
ZONE,EMP_2035,EMP_2035,EMP_2035,Double,MIN,MAX,0.000,,EMP_2035,0,4,Data,,0,SUM,0,,1,,
ZONE,EMP_2035_DOMS,EMP_2035_DOMS,EMP_2035_DOMS,Double,MIN,MAX,0.000,,EMP_2035_DOMS,0,4,Data,,0,SUM,0,,1,,
ZONE,EMP_2040,EMP_2040,EMP_2040,Double,MIN,MAX,0.000,,EMP_2040,0,4,Data,,0,SUM,0,,1,,
ZONE,EMP_2040_DOMS,EMP_2040_DOMS,EMP_2040_DOMS,Double,MIN,MAX,0.000,,EMP_2040_DOMS,0,4,Data,,0,SUM,0,,1,,
ZONE,EMP_2045,EMP_2045,EMP_2045,Double,MIN,MAX,0.000,,EMP_2045,0,4,Data,,0,SUM,0,,1,,
ZONE,EMP_2045_DOMS,EMP_2045_DOMS,EMP_2045_DOMS,Double,MIN,MAX,0.000,,EMP_2045_DOMS,0,4,Data,,0,SUM,0,,1,,
ZONE,EMP_2050,EMP_2050,EMP_2050,Double,MIN,MAX,0.000,,EMP_2050,0,4,Data,,0,SUM,0,,1,,
ZONE,EMP_2050_DOMS,EMP_2050_DOMS,EMP_2050_DOMS,Double,MIN,MAX,0.000,,EMP_2050_DOMS,0,4,Data,,0,SUM,0,,1,,
ZONE,MATRICULA_2020,MATRICULA_2020,MATRICULA_2020,Double,MIN,MAX,0.000,,MATRICULA_2020,0,4,Data,,0,SUM,0,,1,,
ZONE,MATRICULA_2020_DOMS,MATRICULA_2020_DOMS,MATRICULA_2020_DOMS,Double,MIN,MAX,0.000,,MATRICULA_2020_DOMS,0,4,Data,,0,SUM,0,,1,,
ZONE,MATRICULA_2025,MATRICULA_2025,MATRICULA_2025,Double,MIN,MAX,0.000,,MATRICULA_2025,0,4,Data,,0,SUM,0,,1,,
ZONE,MATRICULA_2025_DOMS,MATRICULA_2025_DOMS,MATRICULA_2025_DOMS,Double,MIN,MAX,0.000,,MATRICULA_2025_DOMS,0,4,Data,,0,SUM,0,,1,,
ZONE,MATRICULA_2030,MATRICULA_2030,MATRICULA_2030,Double,MIN,MAX,0.000,,MATRICULA_2030,0,4,Data,,0,SUM,0,,1,,
ZONE,MATRICULA_2030_DOMS,MATRICULA_2030_DOMS,MATRICULA_2030_DOMS,Double,MIN,MAX,0.000,,MATRICULA_2030_DOMS,0,4,Data,,0,SUM,0,,1,,
ZONE,MATRICULA_2035,MATRICULA_2035,MATRICULA_2035,Double,MIN,MAX,0.000,,MATRICULA_2035,0,4,Data,,0,SUM,0,,1,,
ZONE,MATRICULA_2035_DOMS,MATRICULA_2035_DOMS,MATRICULA_2035_DOMS,Double,MIN,MAX,0.000,,MATRICULA_2035_DOMS,0,4,Data,,0,SUM,0,,1,,
ZONE,MATRICULA_2040,MATRICULA_2040,MATRICULA_2040,Double,MIN,MAX,0.000,,MATRICULA_2040,0,4,Data,,0,SUM,0,,1,,
ZONE,MATRICULA_2040_DOMS,MATRICULA_2040_DOMS,MATRICULA_2040_DOMS,Double,MIN,MAX,0.000,,MATRICULA_2040_DOMS,0,4,Data,,0,SUM,0,,1,,
ZONE,MATRICULA_2045,MATRICULA_2045,MATRICULA_2045,Double,MIN,MAX,0.000,,MATRICULA_2045,0,4,Data,,0,SUM,0,,1,,
ZONE,MATRICULA_2045_DOMS,MATRICULA_2045_DOMS,MATRICULA_2045_DOMS,Double,MIN,MAX,0.000,,MATRICULA_2045_DOMS,0,4,Data,,0,SUM,0,,1,,
ZONE,MATRICULA_2050,MATRICULA_2050,MATRICULA_2050,Double,MIN,MAX,0.000,,MATRICULA_2050,0,4,Data,,0,SUM,0,,1,,
ZONE,MATRICULA_2050_DOMS,MATRICULA_2050_DOMS,MATRICULA_2050_DOMS,Double,MIN,MAX,0.000,,MATRICULA_2050_DOMS,0,4,Data,,0,SUM,0,,1,,
ZONE,MATRÍCULA,MATRÍCULA,MATRÍCULA,Double,MIN,MAX,0.000,,MATRÍCULA,0,4,Data,,0,SUM,0,,1,,
ZONE,POBLACIÓN,POBLACIÓN,POBLACIÓN,Double,MIN,MAX,0.000,,POBLACIÓN,0,4,Data,,0,SUM,0,,1,,
ZONE,POB_2020,POB_2020,POB_2020,Double,MIN,MAX,0.000,,POB_2020,0,4,Data,,0,SUM,0,,1,,
ZONE,POB_2020_DOMS,POB_2020_DOMS,POB_2020_DOMS,Double,MIN,MAX,0.000,,POB_2020_DOMS,0,4,Data,,0,SUM,0,,1,,
ZONE,POB_2025,POB_2025,POB_2025,Double,MIN,MAX,0.000,,POB_2025,0,4,Data,,0,SUM,0,,1,,
ZONE,POB_2025_DOMS,POB_2025_DOMS,POB_2025_DOMS,Double,MIN,MAX,0.000,,POB_2025_DOMS,0,4,Data,,0,SUM,0,,1,,
ZONE,POB_2030,POB_2030,POB_2030,Double,MIN,MAX,0.000,,POB_2030,0,4,Data,,0,SUM,0,,1,,
ZONE,POB_2030_DOMS,POB_2030_DOMS,POB_2030_DOMS,Double,MIN,MAX,0.000,,POB_2030_DOMS,0,4,Data,,0,SUM,0,,1,,
ZONE,POB_2035,POB_2035,POB_2035,Double,MIN,MAX,0.000,,POB_2035,0,4,Data,,0,SUM,0,,1,,
ZONE,POB_2035_DOMS,POB_2035_DOMS,POB_2035_DOMS,Double,MIN,MAX,0.000,,POB_2035_DOMS,0,4,Data,,0,SUM,0,,1,,
ZONE,POB_2040,POB_2040,POB_2040,Double,MIN,MAX,0.000,,POB_2040,0,4,Data,,0,SUM,0,,1,,
ZONE,POB_2040_DOMS,POB_2040_DOMS,POB_2040_DOMS,Double,MIN,MAX,0.000,,POB_2040_DOMS,0,4,Data,,0,SUM,0,,1,,
ZONE,POB_2045,POB_2045,POB_2045,Double,MIN,MAX,0.000,,POB_2045,0,4,Data,,0,SUM,0,,1,,
ZONE,POB_2045_DOMS,POB_2045_DOMS,POB_2045_DOMS,Double,MIN,MAX,0.000,,POB_2045_DOMS,0,4,Data,,0,SUM,0,,1,,
ZONE,POB_2050,POB_2050,POB_2050,Double,MIN,MAX,0.000,,POB_2050,0,4,Data,,0,SUM,0,,1,,
ZONE,POB_2050_DOMS,POB_2050_DOMS,POB_2050_DOMS,Double,MIN,MAX,0.000,,POB_2050_DOMS,0,4,Data,,0,SUM,0,,1,,
ZONE,TXMOT,TXMOT,TXMOT,Double,MIN,MAX,0.000,,TXMOT,0,4,Data,,0,SUM,0,,1,,
ZONE,TXMOT_2020,TXMOT_2020,TXMOT_2020,Double,MIN,MAX,0.000,,TXMOT_2020,0,4,Data,,0,SUM,0,,1,,
ZONE,TXMOT_2020_DOMS,TXMOT_2020_DOMS,TXMOT_2020_DOMS,Double,MIN,MAX,0.000,,TXMOT_2020_DOMS,0,4,Data,,0,SUM,0,,1,,
ZONE,TXMOT_2025,TXMOT_2025,TXMOT_2025,Double,MIN,MAX,0.000,,TXMOT_2025,0,4,Data,,0,SUM,0,,1,,
ZONE,TXMOT_2025_DOMS,TXMOT_2025_DOMS,TXMOT_2025_DOMS,Double,MIN,MAX,0.000,,TXMOT_2025_DOMS,0,4,Data,,0,SUM,0,,1,,
ZONE,TXMOT_2030,TXMOT_2030,TXMOT_2030,Double,MIN,MAX,0.000,,TXMOT_2030,0,4,Data,,0,SUM,0,,1,,
ZONE,TXMOT_2030_DOMS,TXMOT_2030_DOMS,TXMOT_2030_DOMS,Double,MIN,MAX,0.000,,TXMOT_2030_DOMS,0,4,Data,,0,SUM,0,,1,,
ZONE,TXMOT_2035,TXMOT_2035,TXMOT_2035,Double,MIN,MAX,0.000,,TXMOT_2035,0,4,Data,,0,SUM,0,,1,,
ZONE,TXMOT_2035_DOMS,TXMOT_2035_DOMS,TXMOT_2035_DOMS,Double,MIN,MAX,0.000,,TXMOT_2035_DOMS,0,4,Data,,0,SUM,0,,1,,
ZONE,TXMOT_2040,TXMOT_2040,TXMOT_2040,Double,MIN,MAX,0.000,,TXMOT_2040,0,4,Data,,0,SUM,0,,1,,
ZONE,TXMOT_2040_DOMS,TXMOT_2040_DOMS,TXMOT_2040_DOMS,Double,MIN,MAX,0.000,,TXMOT_2040_DOMS,0,4,Data,,0,SUM,0,,1,,
ZONE,TXMOT_2045,TXMOT_2045,TXMOT_2045,Double,MIN,MAX,0.000,,TXMOT_2045,0,4,Data,,0,SUM,0,,1,,
ZONE,TXMOT_2045_DOMS,TXMOT_2045_DOMS,TXMOT_2045_DOMS,Double,MIN,MAX,0.000,,TXMOT_2045_DOMS,0,4,Data,,0,SUM,0,,1,,
ZONE,TXMOT_2050,TXMOT_2050,TXMOT_2050,Double,MIN,MAX,0.000,,TXMOT_2050,0,4,Data,,0,SUM,0,,1,,
ZONE,TXMOT_2050_DOMS,TXMOT_2050_DOMS,TXMOT_2050_DOMS,Double,MIN,MAX,0.000,,TXMOT_2050_DOMS,0,4,Data,,0,SUM,0,,1,,
LINK,AFORO_AA,AFORO_AA,AFORO_AA,Double,MIN,MAX,0.000,,AFORO_AA,0,2,Data,,0,SUM,0,,1,,
LINK,AFORO_AGRUPADO,AFORO_AGRUPADO,AFORO_AGRUPADO,Double,MIN,MAX,0.000,,,0,2,Data,,0,SUM,0,,1,,
LINK,AFORO_AUTO_AGR_7_8,AFORO_AUTO_AGR_7_8,AFORO_AUTO_AGR_7_8,Double,MIN,MAX,0.000,,AFORO_AUTO_AGR_7_8,0,2,Data,,0,SUM,0,,1,,
LINK,AFORO_CA1,AFORO_CA1,AFORO_CA1,Double,MIN,MAX,0.000,,AFORO_CA1,0,2,Data,,0,SUM,0,,1,,
LINK,AFORO_CA2,AFORO_CA2,AFORO_CA2,Double,MIN,MAX,0.000,,AFORO_CA2,0,2,Data,,0,SUM,0,,1,,
LINK,AFORO_CA_TOTAL,AFORO_CA_TOTAL,AFORO_CA_TOTAL,Double,MIN,MAX,0.000,,,0,2,Data,,0,SUM,0,,1,,
LINK,AFORO_CU,AFORO_CU,AFORO_CU,Double,MIN,MAX,0.000,,AFORO_CU,0,2,Data,,0,SUM,0,,1,,
LINK,AFORO_DIR_7_8,AFORO_DIR_7_8,AFORO_DIR_7_8,Double,MIN,MAX,0.000,,,0,2,Data,,0,SUM,0,,1,,
LINK,AFORO_POR_QUITAR,AFORO_POR_QUITAR,AFORO_POR_QUITAR,Int,MIN,MAX,0.000,,,0,0,Data,,0,SUM,0,,1,,
LINK,ARCO_QUIT,ARCO_QUIT,ARCO_QUIT,Int,MIN,MAX,0.000,,ARCO_QUIT,0,0,Data,,0,SUM,0,,1,,
LINK,BONO_CA,BONO_CA,BONO_CA,Double,MIN,MAX,0.000,,,0,2,Data,,0,SUM,0,,1,,
LINK,BONO_CU,BONO_CU,BONO_CU,Double,MIN,MAX,0.000,,,0,2,Data,,0,SUM,0,,1,,
LINK,BUSES_TPU,BUSES_TPU,BUSES_TPU,Double,MIN,MAX,0.000,,BUSES_TPU,0,2,Data,,0,SUM,0,,1,,
LINK,CA1_7_7,CA1_7_7,CA1_7_7,Double,MIN,MAX,0.000,,CA1_7_7,0,2,Data,,0,SUM,0,,1,,
LINK,CA2_7_7,CA2_7_7,CA2_7_7,Double,MIN,MAX,0.000,,CA2_7_7,0,2,Data,,0,SUM,0,,1,,
LINK,CAPACIDAD,CAPACIDAD,CAPACIDAD,Int,MIN,MAX,,,CAPACIDAD,0,0,Data,,0,SUM,0,,1,,
LINK,CARRILES,CARRILES,CARRILES,Int,MIN,MAX,,,CARRILES,0,0,Data,,0,SUM,0,,1,,
LINK,CASETA,CASETA,CASETA,Text,0.000,0.000,,,,255,0,Data,,0,SUM,0,,0,,
LINK,CA_PREC_6_10,CA_PREC_6_10,CA_PREC_6_10,Double,MIN,MAX,0.000,,CAMIONES ARTICULADOS PRECARGA 6_10,0,2,Data,,0,SUM,0,,1,,
LINK,CA_TOTAL,CA_TOTAL,CA_TOTAL,Double,MIN,MAX,0.000,,,0,2,Data,,0,SUM,0,,1,,
LINK,CODIGO_FILTRO,CODIGO_FILTRO,CODIGO_FILTRO,Int,MIN,MAX,0.000,,CODIGO_FILTRO,0,0,Data,,0,SUM,0,,1,,
LINK,CU_7_7,CU_7_7,CU_7_7,Double,MIN,MAX,0.000,,,0,2,Data,,0,SUM,0,,1,,
LINK,CU_PREC_6_10,CU_PREC_6_10,CU_PREC_6_10,Double,MIN,MAX,0.000,,CAMIONES UNITARIOS PRECARGA 6_10,0,2,Data,,0,SUM,0,,1,,
LINK,EQUIVALENTES,EQUIVALENTES,EQUIVALENTES,Double,MIN,MAX,0.000,,,0,2,Data,,0,SUM,0,,1,,
LINK,ESTACION_AGRP_7_8,ESTACION_AGRP_7_8,ESTACION_AGRP_7_8,Int,MIN,MAX,0.000,,ESTACION_AGRP_7_8,0,0,Data,,0,SUM,0,,1,,
LINK,EST_AA,EST_AA,EST_AA,Int,MIN,MAX,0.000,,EST_AA,0,0,Data,,0,SUM,0,,1,,
LINK,EST_AGRUPADA,EST_AGRUPADA,EST_AGRUPADA,Int,MIN,MAX,0.000,,,0,0,Data,,0,SUM,0,,1,,
LINK,EST_CORDON,EST_CORDON,EST_CORDON,Int,MIN,MAX,,,EST_CORDON,0,0,Data,,0,SUM,0,,1,,
LINK,EST_DIR_7_8,EST_DIR_7_8,EST_DIR_7_8,Int,MIN,MAX,0.000,,Estacion direccional 7_8,0,0,Data,,0,SUM,0,,1,,
LINK,EST_FOV,EST_FOV,EST_FOV,Int,MIN,MAX,0.000,,EST_FOV,0,0,Data,,0,SUM,0,,1,,
LINK,FOV_PERIODO,FOV_PERIODO,FOV_PERIODO,Int,MIN,MAX,0.000,,FOV_PERIODO,0,0,Data,,0,SUM,0,,1,,
LINK,ID_PRY,ID_PRY,ID_PRY,Double,MIN,MAX,0.000,,ID_PRY,0,2,Data,,0,SUM,0,,1,,
LINK,PENALIZA_A,PENALIZA_A,PENALIZA_A,Double,MIN,MAX,0.000,,,0,2,Data,,0,SUM,0,,1,,
LINK,PERIFERICO,PERIFERICO,PERIFERICO,Int,MIN,MAX,,,PERIFERICO,0,0,Data,,0,SUM,0,,1,,
LINK,TARIFA_A,TARIFA_A,TARIFA_A,Double,MIN,MAX,0.000,,,0,2,Data,,0,SUM,0,,1,,
LINK,TARIFA_BUS,TARIFA_BUS,TARIFA_BUS,Double,MIN,MAX,0.000,,,0,2,Data,,0,SUM,0,,1,,
LINK,TARIFA_CA,TARIFA_CA,TARIFA_CA,Double,MIN,MAX,0.000,,,0,2,Data,,0,SUM,0,,1,,
LINK,TARIFA_CU,TARIFA_CU,TARIFA_CU,Double,MIN,MAX,0.000,,,0,2,Data,,0,SUM,0,,1,,
LINK,TIPO_1,TIPO_1,TIPO_1,Text,0.000,0.000,,,TIPO_1,255,0,Data,,0,SUM,0,,0,,
LINK,TIPO_2,TIPO_2,TIPO_2,Text,0.000,0.000,,,TIPO_2,255,0,Data,,0,SUM,0,,0,,
LINK,TPO_CAMPO,TPO_CAMPO,TPO_CAMPO,Double,MIN,MAX,0.000,,TPO_CAMPO,0,2,Data,,0,SUM,0,,1,,
LINK,TRAMO,TRAMO,TRAMO,Text,0.000,0.000,,,TRAMO_TPO_VS_CAMPO,255,0,Data,,0,SUM,0,,0,,
LINK,TRAYECTO,TRAYECTO,TRAYECTO,Text,0.000,0.000,,,TRAYECTO,255,0,Data,,0,SUM,0,,0,,
LINK,TYPE_LINK_CGA,TYPE_LINK_CGA,TYPE_LINK_CGA,Int,MIN,MAX,0.000,,NUMERO TIPO LINK CARGA,0,0,Data,,0,SUM,0,,1,,
LINK,TYPE_LINK_PRV,TYPE_LINK_PRV,TYPE_LINK_PRV,Int,MIN,MAX,0.000,,,0,0,Data,,0,SUM,0,,1,,
LINK,VEL_CGA,VEL_CGA,VEL_CGA,Double,MIN,MAX,0.000,,VEL_CGA,0,2,Data,,0,SUM,0,,1,,
LINK,VEL_FLUJO,VEL_FLUJO,VEL_FLUJO,Int,MIN,MAX,,,VEL_FLUJO,0,0,Data,,0,SUM,0,,1,,
LINK,VEL_PRV,VEL_PRV,VEL_PRV,Double,MIN,MAX,,,VEL_PRV,0,2,Data,,0,SUM,0,,1,,
LINK,VEL_PUB,VEL_PUB,VEL_PUB,Double,MIN,MAX,0.000,,VEL_PUB,0,2,Data,,0,SUM,0,,1,,
LINK,VIALIDAD_PROY,VIALIDAD_PROY,VIALIDAD_PROY,Double,MIN,MAX,0.000,,VIALIDAD_PROY,0,2,Data,,0,SUM,0,,1,,
LINK,VOL_CAP,VOL_CAP,VOL_CAP,Int,MIN,MAX,0.000,,,0,0,Data,,0,SUM,0,,1,,
LINK,VOL_TESC,VOL_TESC,VOL_TESC,Double,MIN,MAX,0.000,,VOL_TESC,0,2,Data,,0,SUM,0,,1,,
LINK,VOL_TPER,VOL_TPER,VOL_TPER,Double,MIN,MAX,0.000,,VOL_TPER,0,2,Data,,0,SUM,0,,1,,
CONNECTOR,EXPORTADO,EXPORTADO,EXPORTADO,Int,MIN,MAX,0.000,,EXPORTADO,0,0,Data,,0,SUM,0,,1,,
LINEROUTE,NOMBRE_CAMPO,NOMBRE_CAMPO,NOMBRE_CAMPO,Text,0.000,0.000,,,NOMBRE_CAMPO,255,0,Data,,0,SUM,0,,0,,
LINEROUTE,VEL,VEL,VEL,Speed,MIN,MAX,,,,0,0,Formula,3600*[LENGTH]/[SUM:TIMEPROFILES\MAX:TIMEPROFILEITEMS\ACCUMRUNTIME],0,SUM,0,,1,,
TIMEPROFILE,PENALIZA,PENALIZA,PENALIZA,Int,MIN,MAX,0.000,,PENALIZA,0,0,Data,,0,SUM,0,,1,,
TIMEPROFILEITEM,FACTOR_PUB/PRIV_TIME,FACTOR_PUB/PRIV_TIME,FACTOR_PUB/PRIV_TIME,Double,MIN,MAX,0.000,,FACTOR_PUB/PRIV_TIME,0,3,Data,,0,SUM,0,,1,,
TIMEPROFILEITEM,TIEMPO,TIEMPO,TIEMPO,Duration,MIN,MAX,0.000,,TIEMPO,0,0,Data,,0,SUM,0,,1,,
TIMEPROFILEITEM,TIME_2,TIME_2,TIME_2,Duration,MIN,MAX,,,TIME_2,0,0,Formula,truncate([POSTLENGTH]/([LINEROUTEITEM\OUTLINK\VCUR_PRTSYS(AUTO_C)]*[FACTOR_PUB/PRIV_TIME])*3600),0,SUM,0,,1,,
TIMEPROFILEITEM,VEL,VEL,VEL,Speed,MIN,MAX,0.000,,VEL,0,0,Data,,0,SUM,0,,1,,
ODPAIR,ANILLO,Anillo,Anillo,Double,MIN,MAX,,,,0,2,Formula,[FROMZONE\MAINZONE\ANILLO],0,SUM,0,,1,,
ODPAIR,CEROS,Ceros,Ceros,Int,MIN,MAX,,,,0,0,Formula,0,0,SUM,0,,1,,
ODPAIR,UNOS,Unos,Unos,Int,MIN,MAX,,,,0,0,Formula,1,0,SUM,0,,1,,
